code,asof_date
1001,2026-02-27
1306,2026-02-27
1308,2026-02-27
1332,2026-02-27
1357,2026-02-27
1375,2026-02-27
1414,2026-02-27
1417,2026-02-27
1419,2026-02-27
1478,2026-02-27
1489,2026-02-27
1514,2026-02-27
1518,2026-02-27
1540,2026-02-27
1545,2026-02-27
1605,2026-02-27
1655,2026-02-27
1662,2026-02-27
1671,2026-02-27
1711,2026-02-27
1717,2026-02-27
1719,2026-02-27
1720,2026-02-27
1721,2026-02-27
1801,2026-02-27
1802,2026-02-27
1803,2026-02-27
1808,2026-02-27
1812,2026-02-27
1833,2026-02-27
1860,2026-02-27
1861,2026-02-27
1878,2026-02-27
1885,2026-02-27
1893,2026-02-27
1898,2026-02-27
1911,2026-02-27
1925,2026-02-27
1928,2026-02-27
1929,2026-02-27
1942,2026-02-27
1951,2026-02-27
1963,2026-02-27
2002,2026-02-27
2120,2026-02-27
2127,2026-02-27
2157,2026-02-27
2160,2026-02-27
2168,2026-02-27
2170,2026-02-27
2201,2026-02-27
2212,2026-02-27
2222,2026-02-27
2264,2026-02-27
2267,2026-02-27
2269,2026-02-27
2281,2026-02-27
2282,2026-02-27
2296,2026-02-27
2317,2026-02-27
2327,2026-02-27
2331,2026-02-27
2371,2026-02-27
2389,2026-02-27
2411,2026-02-27
2413,2026-02-27
2432,2026-02-27
2433,2026-02-27
2471,2026-02-27
2492,2026-02-27
2501,2026-02-27
2502,2026-02-27
2503,2026-02-27
2510,2026-02-27
2531,2026-02-27
2579,2026-02-27
2585,2026-02-27
2587,2026-02-27
2670,2026-02-27
2678,2026-02-27
2695,2026-02-27
2700,2026-02-27
2726,2026-02-27
2730,2026-02-27
2768,2026-02-27
2782,2026-02-27
2784,2026-02-27
2801,2026-02-27
2802,2026-02-27
2806,2026-02-27
2809,2026-02-27
2811,2026-02-27
2871,2026-02-27
2897,2026-02-27
2914,2026-02-27
2931,2026-02-27
2980,2026-02-27
3003,2026-02-27
3036,2026-02-27
3038,2026-02-27
3048,2026-02-27
3063,2026-02-27
3064,2026-02-27
3086,2026-02-27
3088,2026-02-27
3092,2026-02-27
3097,2026-02-27
3099,2026-02-27
3105,2026-02-27
3110,2026-02-27
3116,2026-02-27
3132,2026-02-27
3133,2026-02-27
3167,2026-02-27
3173,2026-02-27
3182,2026-02-27
3186,2026-02-27
3197,2026-02-27
3234,2026-02-27
3242,2026-02-27
3252,2026-02-27
3288,2026-02-27
3289,2026-02-27
3292,2026-02-27
3293,2026-02-27
3295,2026-02-27
3296,2026-02-27
3309,2026-02-27
3382,2026-02-27
3387,2026-02-27
3391,2026-02-27
3397,2026-02-27
3401,2026-02-27
3402,2026-02-27
3405,2026-02-27
3407,2026-02-27
3431,2026-02-27
3436,2026-02-27
3452,2026-02-27
3474,2026-02-27
3479,2026-02-27
3481,2026-02-27
3482,2026-02-27
3548,2026-02-27
3563,2026-02-27
3565,2026-02-27
3623,2026-02-27
3626,2026-02-27
3635,2026-02-27
3655,2026-02-27
3659,2026-02-27
3660,2026-02-27
3661,2026-02-27
3687,2026-02-27
3692,2026-02-27
3696,2026-02-27
3697,2026-02-27
3765,2026-02-27
3778,2026-02-27
3834,2026-02-27
3861,2026-02-27
3864,2026-02-27
3903,2026-02-27
3905,2026-02-27
3923,2026-02-27
3941,2026-02-27
3962,2026-02-27
3989,2026-02-27
3993,2026-02-27
3994,2026-02-27
4004,2026-02-27
4005,2026-02-27
4021,2026-02-27
4023,2026-02-27
4028,2026-02-27
4042,2026-02-27
4043,2026-02-27
4046,2026-02-27
4061,2026-02-27
4062,2026-02-27
4063,2026-02-27
4072,2026-02-27
4088,2026-02-27
4091,2026-02-27
4114,2026-02-27
4151,2026-02-27
4165,2026-02-27
4168,2026-02-27
4180,2026-02-27
4182,2026-02-27
4183,2026-02-27
4186,2026-02-27
4188,2026-02-27
4202,2026-02-27
4204,2026-02-27
4205,2026-02-27
4206,2026-02-27
4208,2026-02-27
4246,2026-02-27
4251,2026-02-27
4259,2026-02-27
4272,2026-02-27
4293,2026-02-27
4301,2026-02-27
4307,2026-02-27
4316,2026-02-27
4324,2026-02-27
4326,2026-02-27
4366,2026-02-27
4369,2026-02-27
4373,2026-02-27
4375,2026-02-27
4384,2026-02-27
4385,2026-02-27
4403,2026-02-27
4404,2026-02-27
4431,2026-02-27
4443,2026-02-27
4449,2026-02-27
4452,2026-02-27
4475,2026-02-27
4478,2026-02-27
4480,2026-02-27
4483,2026-02-27
4493,2026-02-27
4499,2026-02-27
4502,2026-02-27
4503,2026-02-27
4506,2026-02-27
4507,2026-02-27
4519,2026-02-27
4523,2026-02-27
4527,2026-02-27
4528,2026-02-27
4530,2026-02-27
4536,2026-02-27
4543,2026-02-27
4544,2026-02-27
4565,2026-02-27
4568,2026-02-27
4578,2026-02-27
4587,2026-02-27
4592,2026-02-27
4612,2026-02-27
4613,2026-02-27
4631,2026-02-27
4661,2026-02-27
4665,2026-02-27
4666,2026-02-27
4676,2026-02-27
4680,2026-02-27
4681,2026-02-27
4684,2026-02-27
4689,2026-02-27
4691,2026-02-27
4704,2026-02-27
4732,2026-02-27
4751,2026-02-27
4755,2026-02-27
4768,2026-02-27
4776,2026-02-27
4784,2026-02-27
4800,2026-02-27
4814,2026-02-27
4825,2026-02-27
4839,2026-02-27
4887,2026-02-27
4889,2026-02-27
4901,2026-02-27
4902,2026-02-27
4911,2026-02-27
4912,2026-02-27
4927,2026-02-27
4928,2026-02-27
4967,2026-02-27
4974,2026-02-27
4980,2026-02-27
4996,2026-02-27
5016,2026-02-27
5017,2026-02-27
5019,2026-02-27
5020,2026-02-27
5021,2026-02-27
5032,2026-02-27
5076,2026-02-27
5101,2026-02-27
5105,2026-02-27
5108,2026-02-27
5110,2026-02-27
5201,2026-02-27
5202,2026-02-27
5210,2026-02-27
5214,2026-02-27
5232,2026-02-27
5233,2026-02-27
5246,2026-02-27
5253,2026-02-27
5262,2026-02-27
5285,2026-02-27
5301,2026-02-27
5332,2026-02-27
5333,2026-02-27
5334,2026-02-27
5401,2026-02-27
5406,2026-02-27
5410,2026-02-27
5411,2026-02-27
5445,2026-02-27
5449,2026-02-27
5471,2026-02-27
5541,2026-02-27
5597,2026-02-27
5602,2026-02-27
5631,2026-02-27
5706,2026-02-27
5711,2026-02-27
5713,2026-02-27
5721,2026-02-27
5726,2026-02-27
5727,2026-02-27
5741,2026-02-27
5801,2026-02-27
5802,2026-02-27
5803,2026-02-27
5830,2026-02-27
5831,2026-02-27
5832,2026-02-27
5838,2026-02-27
5844,2026-02-27
5901,2026-02-27
5929,2026-02-27
5930,2026-02-27
5938,2026-02-27
5949,2026-02-27
5970,2026-02-27
5976,2026-02-27
5991,2026-02-27
6005,2026-02-27
6027,2026-02-27
6036,2026-02-27
6037,2026-02-27
6062,2026-02-27
6070,2026-02-27
6098,2026-02-27
6113,2026-02-27
6141,2026-02-27
6146,2026-02-27
6178,2026-02-27
6191,2026-02-27
6201,2026-02-27
6203,2026-02-27
6208,2026-02-27
6232,2026-02-27
6240,2026-02-27
6254,2026-02-27
6268,2026-02-27
6269,2026-02-27
6301,2026-02-27
6302,2026-02-27
6305,2026-02-27
6306,2026-02-27
6315,2026-02-27
6323,2026-02-27
6324,2026-02-27
6326,2026-02-27
6330,2026-02-27
6345,2026-02-27
6361,2026-02-27
6367,2026-02-27
6376,2026-02-27
6383,2026-02-27
6407,2026-02-27
6412,2026-02-27
6417,2026-02-27
6425,2026-02-27
6448,2026-02-27
6460,2026-02-27
6465,2026-02-27
6471,2026-02-27
6472,2026-02-27
6473,2026-02-27
6474,2026-02-27
6479,2026-02-27
6481,2026-02-27
6486,2026-02-27
6501,2026-02-27
6503,2026-02-27
6504,2026-02-27
6506,2026-02-27
6523,2026-02-27
6525,2026-02-27
6526,2026-02-27
6532,2026-02-27
6544,2026-02-27
6586,2026-02-27
6592,2026-02-27
6594,2026-02-27
6619,2026-02-27
6632,2026-02-27
6644,2026-02-27
6645,2026-02-27
6670,2026-02-27
6674,2026-02-27
6701,2026-02-27
6702,2026-02-27
6703,2026-02-27
6723,2026-02-27
6724,2026-02-27
6728,2026-02-27
6750,2026-02-27
6752,2026-02-27
6753,2026-02-27
6754,2026-02-27
6758,2026-02-27
6762,2026-02-27
6768,2026-02-27
6770,2026-02-27
6785,2026-02-27
6814,2026-02-27
6845,2026-02-27
6849,2026-02-27
6857,2026-02-27
6869,2026-02-27
6871,2026-02-27
6890,2026-02-27
6902,2026-02-27
6920,2026-02-27
6923,2026-02-27
6951,2026-02-27
6952,2026-02-27
6954,2026-02-27
6957,2026-02-27
6958,2026-02-27
6963,2026-02-27
6965,2026-02-27
6971,2026-02-27
6976,2026-02-27
6981,2026-02-27
6986,2026-02-27
6988,2026-02-27
6996,2026-02-27
6997,2026-02-27
7003,2026-02-27
7004,2026-02-27
7011,2026-02-27
7012,2026-02-27
7013,2026-02-27
7014,2026-02-27
7033,2026-02-27
7071,2026-02-27
7082,2026-02-27
7150,2026-02-27
7167,2026-02-27
7172,2026-02-27
7180,2026-02-27
7181,2026-02-27
7182,2026-02-27
7186,2026-02-27
7189,2026-02-27
7202,2026-02-27
7203,2026-02-27
7205,2026-02-27
7220,2026-02-27
7231,2026-02-27
7240,2026-02-27
7245,2026-02-27
7250,2026-02-27
7259,2026-02-27
7261,2026-02-27
7267,2026-02-27
7269,2026-02-27
7270,2026-02-27
7272,2026-02-27
7276,2026-02-27
7282,2026-02-27
7327,2026-02-27
7337,2026-02-27
7383,2026-02-27
7419,2026-02-27
7453,2026-02-27
7459,2026-02-27
7514,2026-02-27
7532,2026-02-27
7545,2026-02-27
7550,2026-02-27
7552,2026-02-27
7593,2026-02-27
7611,2026-02-27
7616,2026-02-27
7630,2026-02-27
7638,2026-02-27
7649,2026-02-27
7685,2026-02-27
7701,2026-02-27
7713,2026-02-27
7717,2026-02-27
7730,2026-02-27
7731,2026-02-27
7733,2026-02-27
7735,2026-02-27
7741,2026-02-27
7744,2026-02-27
7747,2026-02-27
7751,2026-02-27
7752,2026-02-27
7762,2026-02-27
7776,2026-02-27
7780,2026-02-27
7794,2026-02-27
7803,2026-02-27
7806,2026-02-27
7832,2026-02-27
7867,2026-02-27
7868,2026-02-27
7872,2026-02-27
7906,2026-02-27
7911,2026-02-27
7912,2026-02-27
7927,2026-02-27
7936,2026-02-27
7949,2026-02-27
7951,2026-02-27
7956,2026-02-27
7970,2026-02-27
7974,2026-02-27
7992,2026-02-27
7995,2026-02-27
8001,2026-02-27
8002,2026-02-27
8015,2026-02-27
8016,2026-02-27
8020,2026-02-27
8031,2026-02-27
8035,2026-02-27
8040,2026-02-27
8053,2026-02-27
8056,2026-02-27
8058,2026-02-27
8086,2026-02-27
8088,2026-02-27
8113,2026-02-27
8136,2026-02-27
8137,2026-02-27
8150,2026-02-27
8153,2026-02-27
8174,2026-02-27
8214,2026-02-27
8233,2026-02-27
8252,2026-02-27
8253,2026-02-27
8267,2026-02-27
8304,2026-02-27
8306,2026-02-27
8308,2026-02-27
8309,2026-02-27
8316,2026-02-27
8331,2026-02-27
8334,2026-02-27
8338,2026-02-27
8346,2026-02-27
8354,2026-02-27
8358,2026-02-27
8359,2026-02-27
8368,2026-02-27
8377,2026-02-27
8381,2026-02-27
8383,2026-02-27
8410,2026-02-27
8411,2026-02-27
8416,2026-02-27
8418,2026-02-27
8425,2026-02-27
8439,2026-02-27
8473,2026-02-27
8515,2026-02-27
8524,2026-02-27
8544,2026-02-27
8550,2026-02-27
8570,2026-02-27
8584,2026-02-27
8585,2026-02-27
8591,2026-02-27
8593,2026-02-27
8595,2026-02-27
8600,2026-02-27
8601,2026-02-27
8604,2026-02-27
8616,2026-02-27
8630,2026-02-27
8697,2026-02-27
8698,2026-02-27
8714,2026-02-27
8715,2026-02-27
8725,2026-02-27
8750,2026-02-27
8766,2026-02-27
8783,2026-02-27
8795,2026-02-27
8801,2026-02-27
8802,2026-02-27
8804,2026-02-27
8830,2026-02-27
8848,2026-02-27
8876,2026-02-27
8954,2026-02-27
8957,2026-02-27
8984,2026-02-27
9001,2026-02-27
9005,2026-02-27
9006,2026-02-27
9007,2026-02-27
9009,2026-02-27
9020,2026-02-27
9021,2026-02-27
9022,2026-02-27
9023,2026-02-27
9024,2026-02-27
9041,2026-02-27
9042,2026-02-27
9048,2026-02-27
9064,2026-02-27
9069,2026-02-27
9076,2026-02-27
9090,2026-02-27
9101,2026-02-27
9104,2026-02-27
9107,2026-02-27
9143,2026-02-27
9147,2026-02-27
9201,2026-02-27
9202,2026-02-27
9211,2026-02-27
9235,2026-02-27
9278,2026-02-27
9279,2026-02-27
9284,2026-02-27
9301,2026-02-27
9324,2026-02-27
9338,2026-02-27
9381,2026-02-27
9412,2026-02-27
9418,2026-02-27
9432,2026-02-27
9433,2026-02-27
9467,2026-02-27
9468,2026-02-27
9474,2026-02-27
9501,2026-02-27
9502,2026-02-27
9503,2026-02-27
9504,2026-02-27
9505,2026-02-27
9506,2026-02-27
9507,2026-02-27
9508,2026-02-27
9509,2026-02-27
9513,2026-02-27
9517,2026-02-27
9519,2026-02-27
9531,2026-02-27
9532,2026-02-27
9533,2026-02-27
9552,2026-02-27
9602,2026-02-27
9603,2026-02-27
9616,2026-02-27
9627,2026-02-27
9684,2026-02-27
9697,2026-02-27
9706,2026-02-27
9719,2026-02-27
9735,2026-02-27
9757,2026-02-27
9763,2026-02-27
9766,2026-02-27
9831,2026-02-27
9837,2026-02-27
9842,2026-02-27
9843,2026-02-27
9861,2026-02-27
9887,2026-02-27
9962,2026-02-27
9983,2026-02-27
9984,2026-02-27
9989,2026-02-27
9990,2026-02-27
