date,code,open,high,low,close,volume
2023-01-02,1001,89.5,91.9,89.10000000000001,90.4,100000
2023-01-02,2002,135.10000000000002,138.3,134.2,135.8,125000
2023-01-02,3003,182.7,186.7,181.29999999999998,183.2,150000
2023-01-03,1001,90.88,93.28,90.48,91.78,100250
2023-01-03,2002,136.7,139.89999999999998,135.79999999999995,137.39999999999998,125250
2023-01-03,3003,184.52,188.52,183.12,185.02,150250
2023-01-04,1001,92.25999999999999,94.66,91.86,93.16,100500
2023-01-04,2002,138.3,141.5,137.39999999999998,139.0,125500
2023-01-04,3003,186.34,190.34,184.94,186.84,150500
2023-01-05,1001,93.64,96.04,93.24000000000001,94.54,100750
2023-01-05,2002,139.9,143.1,138.99999999999997,140.6,125750
2023-01-05,3003,188.16,192.16,186.76,188.66,150750
2023-01-06,1001,95.02,97.42,94.62,95.92,101000
2023-01-06,2002,141.50000000000003,144.70000000000002,140.6,142.20000000000002,126000
2023-01-06,3003,189.98,193.98,188.57999999999998,190.48,151000
2023-01-09,1001,96.4,98.80000000000001,96.00000000000001,97.30000000000001,101250
2023-01-09,2002,143.10000000000002,146.3,142.2,143.8,126250
2023-01-09,3003,191.79999999999998,195.79999999999998,190.39999999999998,192.29999999999998,151250
2023-01-10,1001,97.77999999999999,100.17999999999999,97.38,98.67999999999999,101500
2023-01-10,2002,144.7,147.89999999999998,143.79999999999995,145.39999999999998,126500
2023-01-10,3003,193.62,197.62,192.22,194.12,151500
2023-01-11,1001,99.16,101.56,98.76,100.06,101750
2023-01-11,2002,146.3,149.5,145.39999999999998,147.0,126750
2023-01-11,3003,168.23999999999998,172.23999999999998,166.83999999999997,168.73999999999998,151750
2023-01-12,1001,100.53999999999999,102.94,100.14,101.44,102000
2023-01-12,2002,147.9,151.1,146.99999999999997,148.6,127000
2023-01-12,3003,170.06,174.06,168.66,170.56,152000
2023-01-13,1001,101.92,104.32000000000001,101.52000000000001,102.82000000000001,102250
2023-01-13,2002,149.50000000000003,152.70000000000002,148.6,150.20000000000002,127250
2023-01-13,3003,171.88,175.88,170.48,172.38,152250
2023-01-16,1001,103.3,105.7,102.9,104.2,102500
2023-01-16,2002,151.10000000000002,154.3,150.2,151.8,127500
2023-01-16,3003,173.7,177.7,172.29999999999998,174.2,152500
2023-01-17,1001,104.67999999999999,107.08,104.28,105.58,102750
2023-01-17,2002,152.7,155.89999999999998,151.79999999999995,153.39999999999998,127750
2023-01-17,3003,175.51999999999998,179.51999999999998,174.11999999999998,176.01999999999998,152750
2023-01-18,1001,106.05999999999999,108.46,105.66,106.96,103000
2023-01-18,2002,130.50000000000003,133.70000000000002,129.6,131.20000000000002,128000
2023-01-18,3003,177.33999999999997,181.33999999999997,175.93999999999997,177.83999999999997,153000
2023-01-19,1001,107.44,109.84,107.04,108.34,103250
2023-01-19,2002,132.1,135.29999999999998,131.19999999999996,132.79999999999998,128250
2023-01-19,3003,179.16000000000003,183.16000000000003,177.76000000000002,179.66000000000003,153250
2023-01-20,1001,108.82,111.22,108.42,109.72,103500
2023-01-20,2002,133.70000000000002,136.9,132.79999999999998,134.4,128500
2023-01-20,3003,180.98000000000002,184.98000000000002,179.58,181.48000000000002,153500
2023-01-23,1001,110.2,112.60000000000001,109.80000000000001,111.10000000000001,103750
2023-01-23,2002,135.3,138.5,134.39999999999998,136.0,128750
2023-01-23,3003,182.8,186.8,181.4,183.3,153750
2023-01-24,1001,111.57999999999998,113.97999999999999,111.17999999999999,112.47999999999999,104000
2023-01-24,2002,136.9,140.1,135.99999999999997,137.6,129000
2023-01-24,3003,184.62,188.62,183.22,185.12,154000
2023-01-25,1001,92.56,94.96000000000001,92.16000000000001,93.46000000000001,104250
2023-01-25,2002,138.50000000000003,141.70000000000002,137.6,139.20000000000002,129250
2023-01-25,3003,186.44,190.44,185.04,186.94,154250
2023-01-26,1001,93.93999999999998,96.33999999999999,93.53999999999999,94.83999999999999,104500
2023-01-26,2002,140.1,143.29999999999998,139.19999999999996,140.79999999999998,129500
2023-01-26,3003,188.26000000000002,192.26000000000002,186.86,188.76000000000002,154500
2023-01-27,1001,95.32,97.72,94.92,96.22,104750
2023-01-27,2002,141.70000000000002,144.9,140.79999999999998,142.4,129750
2023-01-27,3003,190.08,194.08,188.68,190.58,154750
2023-01-30,1001,96.69999999999999,99.1,96.3,97.6,105000
2023-01-30,2002,143.3,146.5,142.39999999999998,144.0,130000
2023-01-30,3003,191.9,195.9,190.5,192.4,155000
2023-01-31,1001,98.08,100.48,97.68,98.98,105250
2023-01-31,2002,144.9,148.1,143.99999999999997,145.6,130250
2023-01-31,3003,193.72,197.72,192.32,194.22,155250
2023-02-01,1001,99.46,101.86,99.06,100.36,105500
2023-02-01,2002,146.50000000000003,149.70000000000002,145.6,147.20000000000002,130500
2023-02-01,3003,195.54,199.54,194.14,196.04,155500
2023-02-02,1001,100.83999999999999,103.24,100.44,101.74,105750
2023-02-02,2002,148.1,151.29999999999998,147.19999999999996,148.79999999999998,130750
2023-02-02,3003,197.36,201.36,195.96,197.86,155750
2023-02-03,1001,102.21999999999998,104.61999999999999,101.82,103.11999999999999,106000
2023-02-03,2002,149.70000000000002,152.9,148.79999999999998,150.4,131000
2023-02-03,3003,171.98,175.98,170.57999999999998,172.48,156000
2023-02-06,1001,103.6,106.0,103.2,104.5,106250
2023-02-06,2002,151.3,154.5,150.39999999999998,152.0,131250
2023-02-06,3003,173.8,177.8,172.4,174.3,156250
2023-02-07,1001,104.98,107.38000000000001,104.58000000000001,105.88000000000001,106500
2023-02-07,2002,152.9,156.1,151.99999999999997,153.6,131500
2023-02-07,3003,175.62,179.62,174.22,176.12,156500
2023-02-08,1001,106.36,108.76,105.96000000000001,107.26,106750
2023-02-08,2002,154.50000000000003,157.70000000000002,153.6,155.20000000000002,131750
2023-02-08,3003,177.44,181.44,176.04,177.94,156750
2023-02-09,1001,107.74,110.14,107.34,108.64,107000
2023-02-09,2002,156.1,159.29999999999998,155.19999999999996,156.79999999999998,132000
2023-02-09,3003,179.26,183.26,177.85999999999999,179.76,157000
2023-02-10,1001,109.11999999999999,111.52,108.72,110.02,107250
2023-02-10,2002,133.90000000000003,137.10000000000002,133.0,134.60000000000002,132250
2023-02-10,3003,181.07999999999998,185.07999999999998,179.67999999999998,181.57999999999998,157250
2023-02-13,1001,110.5,112.9,110.10000000000001,111.4,107500
2023-02-13,2002,135.5,138.7,134.59999999999997,136.2,132500
2023-02-13,3003,182.9,186.9,181.5,183.4,157500
2023-02-14,1001,111.88,114.28,111.48,112.78,107750
2023-02-14,2002,137.1,140.29999999999998,136.19999999999996,137.79999999999998,132750
2023-02-14,3003,184.72,188.72,183.32,185.22,157750
2023-02-15,1001,113.26,115.66000000000001,112.86000000000001,114.16000000000001,108000
2023-02-15,2002,138.70000000000002,141.9,137.79999999999998,139.4,133000
2023-02-15,3003,186.54,190.54,185.14,187.04,158000
2023-02-16,1001,114.63999999999999,117.03999999999999,114.24,115.53999999999999,108250
2023-02-16,2002,140.3,143.5,139.39999999999998,141.0,133250
2023-02-16,3003,188.35999999999999,192.35999999999999,186.95999999999998,188.85999999999999,158250
2023-02-17,1001,95.62,98.02000000000001,95.22000000000001,96.52000000000001,108500
2023-02-17,2002,141.90000000000003,145.10000000000002,141.0,142.60000000000002,133500
2023-02-17,3003,190.17999999999998,194.17999999999998,188.77999999999997,190.67999999999998,158500
2023-02-20,1001,96.99999999999999,99.39999999999999,96.6,97.89999999999999,108750
2023-02-20,2002,143.5,146.7,142.59999999999997,144.2,133750
2023-02-20,3003,192.0,196.0,190.6,192.5,158750
2023-02-21,1001,98.38,100.78,97.98,99.28,109000
2023-02-21,2002,145.1,148.29999999999998,144.19999999999996,145.79999999999998,134000
2023-02-21,3003,193.82,197.82,192.42,194.32,159000
2023-02-22,1001,99.75999999999999,102.16,99.36,100.66,109250
2023-02-22,2002,146.70000000000002,149.9,145.79999999999998,147.4,134250
2023-02-22,3003,195.64,199.64,194.23999999999998,196.14,159250
2023-02-23,1001,101.14,103.54,100.74000000000001,102.04,109500
2023-02-23,2002,148.3,151.5,147.39999999999998,149.0,134500
2023-02-23,3003,197.46,201.46,196.06,197.96,159500
2023-02-24,1001,102.52,104.92,102.12,103.42,109750
2023-02-24,2002,149.90000000000003,153.10000000000002,149.0,150.60000000000002,134750
2023-02-24,3003,199.28,203.28,197.88,199.78,159750
2023-02-27,1001,103.89999999999999,106.3,103.5,104.8,110000
2023-02-27,2002,151.5,154.7,150.59999999999997,152.2,135000
2023-02-27,3003,201.10000000000002,205.10000000000002,199.70000000000002,201.60000000000002,160000
2023-02-28,1001,105.27999999999999,107.67999999999999,104.88,106.17999999999999,110250
2023-02-28,2002,153.1,156.29999999999998,152.19999999999996,153.79999999999998,135250
2023-02-28,3003,175.72,179.72,174.32,176.22,160250
2023-03-01,1001,106.66,109.06,106.26,107.56,110500
2023-03-01,2002,154.70000000000002,157.9,153.79999999999998,155.4,135500
2023-03-01,3003,177.54000000000002,181.54000000000002,176.14000000000001,178.04000000000002,160500
2023-03-02,1001,108.03999999999999,110.44,107.64,108.94,110750
2023-03-02,2002,156.3,159.5,155.39999999999998,157.0,135750
2023-03-02,3003,179.36,183.36,177.96,179.86,160750
2023-03-03,1001,109.42,111.82000000000001,109.02000000000001,110.32000000000001,111000
2023-03-03,2002,157.90000000000003,161.10000000000002,157.0,158.60000000000002,136000
2023-03-03,3003,181.18,185.18,179.78,181.68,161000
2023-03-06,1001,110.79999999999998,113.19999999999999,110.39999999999999,111.69999999999999,111250
2023-03-06,2002,159.5,162.7,158.59999999999997,160.2,136250
2023-03-06,3003,183.0,187.0,181.6,183.5,161250
2023-03-07,1001,112.17999999999999,114.58,111.78,113.08,111500
2023-03-07,2002,137.3,140.5,136.39999999999998,138.0,136500
2023-03-07,3003,184.82,188.82,183.42,185.32,161500
2023-03-08,1001,113.55999999999999,115.96,113.16,114.46,111750
2023-03-08,2002,138.9,142.1,137.99999999999997,139.6,136750
2023-03-08,3003,186.64000000000001,190.64000000000001,185.24,187.14000000000001,161750
2023-03-09,1001,114.94,117.34,114.54,115.84,112000
2023-03-09,2002,140.5,143.7,139.59999999999997,141.2,137000
2023-03-09,3003,188.46,192.46,187.06,188.96,162000
2023-03-10,1001,116.32,118.72,115.92,117.22,112250
2023-03-10,2002,142.10000000000002,145.3,141.2,142.8,137250
2023-03-10,3003,190.28,194.28,188.88,190.78,162250
2023-03-13,1001,117.69999999999999,120.1,117.3,118.6,112500
2023-03-13,2002,143.70000000000002,146.9,142.79999999999998,144.4,137500
2023-03-13,3003,192.1,196.1,190.7,192.6,162500
2023-03-14,1001,98.68,101.08000000000001,98.28000000000002,99.58000000000001,112750
2023-03-14,2002,145.3,148.5,144.39999999999998,146.0,137750
2023-03-14,3003,193.92,197.92,192.51999999999998,194.42,162750
2023-03-15,1001,100.05999999999999,102.46,99.66,100.96,113000
2023-03-15,2002,146.9,150.1,145.99999999999997,147.6,138000
2023-03-15,3003,195.74,199.74,194.34,196.24,163000
2023-03-16,1001,101.43999999999998,103.83999999999999,101.03999999999999,102.33999999999999,113250
2023-03-16,2002,148.5,151.7,147.59999999999997,149.2,138250
2023-03-16,3003,197.56,201.56,196.16,198.06,163250
2023-03-17,1001,102.82,105.22,102.42,103.72,113500
2023-03-17,2002,150.10000000000002,153.3,149.2,150.8,138500
2023-03-17,3003,199.38,203.38,197.98,199.88,163500
2023-03-20,1001,104.2,106.60000000000001,103.80000000000001,105.10000000000001,113750
2023-03-20,2002,151.70000000000002,154.9,150.79999999999998,152.4,138750
2023-03-20,3003,201.2,205.2,199.79999999999998,201.7,163750
2023-03-21,1001,105.58,107.98,105.18,106.48,114000
2023-03-21,2002,153.3,156.5,152.39999999999998,154.0,139000
2023-03-21,3003,203.01999999999998,207.01999999999998,201.61999999999998,203.51999999999998,164000
2023-03-22,1001,106.96,109.36,106.56,107.86,114250
2023-03-22,2002,154.9,158.1,153.99999999999997,155.6,139250
2023-03-22,3003,204.84,208.84,203.44,205.34,164250
2023-03-23,1001,108.33999999999999,110.74,107.94,109.24,114500
2023-03-23,2002,156.5,159.7,155.59999999999997,157.2,139500
2023-03-23,3003,179.45999999999998,183.45999999999998,178.05999999999997,179.95999999999998,164500
2023-03-24,1001,109.72,112.12,109.32000000000001,110.62,114750
2023-03-24,2002,158.10000000000002,161.3,157.2,158.8,139750
2023-03-24,3003,181.28,185.28,179.88,181.78,164750
2023-03-27,1001,111.1,113.5,110.7,112.0,115000
2023-03-27,2002,159.70000000000002,162.9,158.79999999999998,160.4,140000
2023-03-27,3003,183.1,187.1,181.7,183.6,165000
2023-03-28,1001,112.48,114.88000000000001,112.08000000000001,113.38000000000001,115250
2023-03-28,2002,161.3,164.5,160.39999999999998,162.0,140250
2023-03-28,3003,184.92,188.92,183.51999999999998,185.42,165250
2023-03-29,1001,113.85999999999999,116.25999999999999,113.46,114.75999999999999,115500
2023-03-29,2002,162.9,166.1,161.99999999999997,163.6,140500
2023-03-29,3003,186.73999999999998,190.73999999999998,185.33999999999997,187.23999999999998,165500
2023-03-30,1001,115.24,117.64,114.84,116.14,115750
2023-03-30,2002,140.70000000000002,143.9,139.79999999999998,141.4,140750
2023-03-30,3003,188.56,192.56,187.16,189.06,165750
2023-03-31,1001,116.61999999999999,119.02,116.22,117.52,116000
2023-03-31,2002,142.3,145.5,141.39999999999998,143.0,141000
2023-03-31,3003,190.38000000000002,194.38000000000002,188.98000000000002,190.88000000000002,166000
2023-04-03,1001,118.0,120.4,117.60000000000001,118.9,116250
2023-04-03,2002,143.9,147.1,142.99999999999997,144.6,141250
2023-04-03,3003,192.20000000000002,196.20000000000002,190.8,192.70000000000002,166250
2023-04-04,1001,119.38,121.78,118.98,120.28,116500
2023-04-04,2002,145.5,148.7,144.59999999999997,146.2,141500
2023-04-04,3003,194.02,198.02,192.62,194.52,166500
2023-04-05,1001,120.75999999999999,123.16,120.36,121.66,116750
2023-04-05,2002,147.10000000000002,150.3,146.2,147.8,141750
2023-04-05,3003,195.84,199.84,194.44,196.34,166750
2023-04-06,1001,101.74,104.14,101.34,102.64,117000
2023-04-06,2002,148.70000000000002,151.9,147.79999999999998,149.4,142000
2023-04-06,3003,197.66,201.66,196.26,198.16,167000
2023-04-07,1001,103.11999999999999,105.52,102.72,104.02,117250
2023-04-07,2002,150.3,153.5,149.39999999999998,151.0,142250
2023-04-07,3003,199.48000000000002,203.48000000000002,198.08,199.98000000000002,167250
2023-04-10,1001,104.49999999999999,106.89999999999999,104.1,105.39999999999999,117500
2023-04-10,2002,151.9,155.1,150.99999999999997,152.6,142500
2023-04-10,3003,201.3,205.3,199.9,201.8,167500
2023-04-11,1001,105.88,108.28,105.48,106.78,117750
2023-04-11,2002,153.5,156.7,152.59999999999997,154.2,142750
2023-04-11,3003,203.12,207.12,201.72,203.62,167750
2023-04-12,1001,107.25999999999999,109.66,106.86,108.16,118000
2023-04-12,2002,155.10000000000002,158.3,154.2,155.8,143000
2023-04-12,3003,204.94,208.94,203.54,205.44,168000
2023-04-13,1001,108.64,111.04,108.24000000000001,109.54,118250
2023-04-13,2002,156.70000000000002,159.9,155.79999999999998,157.4,143250
2023-04-13,3003,206.76,210.76,205.35999999999999,207.26,168250
2023-04-14,1001,110.01999999999998,112.41999999999999,109.61999999999999,110.91999999999999,118500
2023-04-14,2002,158.3,161.5,157.39999999999998,159.0,143500
2023-04-14,3003,208.58,212.58,207.18,209.08,168500
2023-04-17,1001,111.39999999999999,113.8,111.0,112.3,118750
2023-04-17,2002,159.9,163.1,158.99999999999997,160.6,143750
2023-04-17,3003,183.2,187.2,181.79999999999998,183.7,168750
2023-04-18,1001,112.78,115.18,112.38000000000001,113.68,119000
2023-04-18,2002,161.5,164.7,160.59999999999997,162.2,144000
2023-04-18,3003,185.02,189.02,183.62,185.52,169000
2023-04-19,1001,114.16,116.56,113.76,115.06,119250
2023-04-19,2002,163.10000000000002,166.3,162.2,163.8,144250
2023-04-19,3003,186.84,190.84,185.44,187.34,169250
2023-04-20,1001,115.53999999999999,117.94,115.14,116.44,119500
2023-04-20,2002,164.70000000000002,167.9,163.79999999999998,165.4,144500
2023-04-20,3003,188.66,192.66,187.26,189.16,169500
2023-04-21,1001,116.91999999999999,119.32,116.52,117.82,119750
2023-04-21,2002,166.3,169.5,165.39999999999998,167.0,144750
2023-04-21,3003,190.48,194.48,189.07999999999998,190.98,169750
2023-04-24,1001,118.3,120.7,117.9,119.2,120000
2023-04-24,2002,144.10000000000002,147.3,143.2,144.8,145000
2023-04-24,3003,192.29999999999998,196.29999999999998,190.89999999999998,192.79999999999998,170000
2023-04-25,1001,119.67999999999999,122.08,119.28,120.58,120250
2023-04-25,2002,145.7,148.89999999999998,144.79999999999995,146.39999999999998,145250
2023-04-25,3003,194.12,198.12,192.72,194.62,170250
2023-04-26,1001,121.06,123.46000000000001,120.66000000000001,121.96000000000001,120500
2023-04-26,2002,147.3,150.5,146.39999999999998,148.0,145500
2023-04-26,3003,195.94,199.94,194.54,196.44,170500
2023-04-27,1001,122.44,124.84,122.04,123.34,120750
2023-04-27,2002,148.9,152.1,147.99999999999997,149.6,145750
2023-04-27,3003,197.76,201.76,196.35999999999999,198.26,170750
2023-04-28,1001,123.82,126.22,123.42,124.72,121000
2023-04-28,2002,150.50000000000003,153.70000000000002,149.6,151.20000000000002,146000
2023-04-28,3003,199.57999999999998,203.57999999999998,198.17999999999998,200.07999999999998,171000
2023-05-01,1001,104.8,107.2,104.4,105.7,121250
2023-05-01,2002,152.10000000000002,155.3,151.2,152.8,146250
2023-05-01,3003,201.39999999999998,205.39999999999998,199.99999999999997,201.89999999999998,171250
2023-05-02,1001,106.17999999999999,108.58,105.78,107.08,121500
2023-05-02,2002,153.7,156.89999999999998,152.79999999999995,154.39999999999998,146500
2023-05-02,3003,203.22000000000003,207.22000000000003,201.82000000000002,203.72000000000003,171500
2023-05-03,1001,107.55999999999999,109.96,107.16,108.46,121750
2023-05-03,2002,155.3,158.5,154.39999999999998,156.0,146750
2023-05-03,3003,205.04,209.04,203.64,205.54,171750
2023-05-04,1001,108.94,111.34,108.54,109.84,122000
2023-05-04,2002,156.9,160.1,155.99999999999997,157.6,147000
2023-05-04,3003,206.86,210.86,205.46,207.36,172000
2023-05-05,1001,110.32,112.72,109.92,111.22,122250
2023-05-05,2002,158.50000000000003,161.70000000000002,157.6,159.20000000000002,147250
2023-05-05,3003,208.68,212.68,207.28,209.18,172250
2023-05-08,1001,111.7,114.10000000000001,111.30000000000001,112.60000000000001,122500
2023-05-08,2002,160.10000000000002,163.3,159.2,160.8,147500
2023-05-08,3003,210.5,214.5,209.1,211.0,172500
2023-05-09,1001,113.07999999999998,115.47999999999999,112.67999999999999,113.97999999999999,122750
2023-05-09,2002,161.7,164.89999999999998,160.79999999999995,162.39999999999998,147750
2023-05-09,3003,212.32000000000002,216.32000000000002,210.92000000000002,212.82000000000002,172750
2023-05-10,1001,114.46,116.86,114.06,115.36,123000
2023-05-10,2002,163.3,166.5,162.39999999999998,164.0,148000
2023-05-10,3003,186.94,190.94,185.54,187.44,173000
2023-05-11,1001,115.83999999999999,118.24,115.44,116.74,123250
2023-05-11,2002,164.9,168.1,163.99999999999997,165.6,148250
2023-05-11,3003,188.76000000000002,192.76000000000002,187.36,189.26000000000002,173250
2023-05-12,1001,117.22,119.62,116.82000000000001,118.12,123500
2023-05-12,2002,166.50000000000003,169.70000000000002,165.6,167.20000000000002,148500
2023-05-12,3003,190.58,194.58,189.18,191.08,173500
2023-05-15,1001,118.6,121.0,118.2,119.5,123750
2023-05-15,2002,168.10000000000002,171.3,167.2,168.8,148750
2023-05-15,3003,192.4,196.4,191.0,192.9,173750
2023-05-16,1001,119.97999999999999,122.38,119.58,120.88,124000
2023-05-16,2002,169.7,172.89999999999998,168.79999999999995,170.39999999999998,149000
2023-05-16,3003,194.22,198.22,192.82,194.72,174000
2023-05-17,1001,121.36,123.76,120.96000000000001,122.26,124250
2023-05-17,2002,147.50000000000003,150.70000000000002,146.6,148.20000000000002,149250
2023-05-17,3003,196.04,200.04,194.64,196.54,174250
2023-05-18,1001,122.74,125.14,122.34,123.64,124500
2023-05-18,2002,149.1,152.29999999999998,148.19999999999996,149.79999999999998,149500
2023-05-18,3003,197.86,201.86,196.46,198.36,174500
2023-05-19,1001,124.11999999999999,126.52,123.72,125.02,124750
2023-05-19,2002,150.70000000000002,153.9,149.79999999999998,151.4,149750
2023-05-19,3003,199.68,203.68,198.28,200.18,174750
2023-05-22,1001,125.5,127.9,125.10000000000001,126.4,125000
2023-05-22,2002,152.3,155.5,151.39999999999998,153.0,150000
2023-05-22,3003,201.5,205.5,200.1,202.0,175000
2023-05-23,1001,126.88,129.28,126.48,127.78,125250
2023-05-23,2002,153.9,157.1,152.99999999999997,154.6,150250
2023-05-23,3003,203.32,207.32,201.92,203.82,175250
2023-05-24,1001,107.86,110.26,107.46000000000001,108.76,125500
2023-05-24,2002,155.50000000000003,158.70000000000002,154.6,156.20000000000002,150500
2023-05-24,3003,205.14,209.14,203.73999999999998,205.64,175500
2023-05-25,1001,109.23999999999998,111.63999999999999,108.83999999999999,110.13999999999999,125750
2023-05-25,2002,157.1,160.29999999999998,156.19999999999996,157.79999999999998,150750
2023-05-25,3003,206.96,210.96,205.56,207.46,175750
2023-05-26,1001,110.61999999999999,113.02,110.22,111.52,126000
2023-05-26,2002,158.70000000000002,161.9,157.79999999999998,159.4,151000
2023-05-26,3003,208.78,212.78,207.38,209.28,176000
2023-05-29,1001,112.0,114.4,111.60000000000001,112.9,126250
2023-05-29,2002,160.3,163.5,159.39999999999998,161.0,151250
2023-05-29,3003,210.6,214.6,209.2,211.1,176250
2023-05-30,1001,113.38,115.78,112.98,114.28,126500
2023-05-30,2002,161.9,165.1,160.99999999999997,162.6,151500
2023-05-30,3003,212.42,216.42,211.01999999999998,212.92,176500
2023-05-31,1001,114.75999999999999,117.16,114.36,115.66,126750
2023-05-31,2002,163.50000000000003,166.70000000000002,162.6,164.20000000000002,151750
2023-05-31,3003,214.23999999999998,218.23999999999998,212.83999999999997,214.73999999999998,176750
2023-06-01,1001,116.13999999999999,118.53999999999999,115.74,117.03999999999999,127000
2023-06-01,2002,165.1,168.29999999999998,164.19999999999996,165.79999999999998,152000
2023-06-01,3003,216.06,220.06,214.66,216.56,177000
2023-06-02,1001,117.52,119.92,117.12,118.42,127250
2023-06-02,2002,166.70000000000002,169.9,165.79999999999998,167.4,152250
2023-06-02,3003,190.67999999999998,194.67999999999998,189.27999999999997,191.17999999999998,177250
2023-06-05,1001,118.89999999999999,121.3,118.5,119.8,127500
2023-06-05,2002,168.3,171.5,167.39999999999998,169.0,152500
2023-06-05,3003,192.5,196.5,191.1,193.0,177500
2023-06-06,1001,120.28,122.68,119.88000000000001,121.18,127750
2023-06-06,2002,169.9,173.1,168.99999999999997,170.6,152750
2023-06-06,3003,194.32000000000002,198.32000000000002,192.92000000000002,194.82000000000002,177750
2023-06-07,1001,121.66,124.06,121.26,122.56,128000
2023-06-07,2002,171.50000000000003,174.70000000000002,170.6,172.20000000000002,153000
2023-06-07,3003,196.14,200.14,194.73999999999998,196.64,178000
2023-06-08,1001,123.03999999999999,125.44,122.64,123.94,128250
2023-06-08,2002,173.1,176.29999999999998,172.19999999999996,173.79999999999998,153250
2023-06-08,3003,197.96,201.96,196.56,198.46,178250
2023-06-09,1001,124.41999999999999,126.82,124.02,125.32,128500
2023-06-09,2002,150.90000000000003,154.10000000000002,150.0,151.60000000000002,153500
2023-06-09,3003,199.78,203.78,198.38,200.28,178500
2023-06-12,1001,125.8,128.2,125.4,126.7,128750
2023-06-12,2002,152.5,155.7,151.59999999999997,153.2,153750
2023-06-12,3003,201.60000000000002,205.60000000000002,200.20000000000002,202.10000000000002,178750
2023-06-13,1001,127.17999999999998,129.57999999999998,126.77999999999999,128.07999999999998,129000
2023-06-13,2002,154.1,157.29999999999998,153.19999999999996,154.79999999999998,154000
2023-06-13,3003,203.42000000000002,207.42000000000002,202.02,203.92000000000002,179000
2023-06-14,1001,128.56,130.96,128.16,129.46,129250
2023-06-14,2002,155.70000000000002,158.9,154.79999999999998,156.4,154250
2023-06-14,3003,205.24,209.24,203.84,205.74,179250
2023-06-15,1001,129.94,132.34,129.54,130.84,129500
2023-06-15,2002,157.3,160.5,156.39999999999998,158.0,154500
2023-06-15,3003,207.06,211.06,205.66,207.56,179500
2023-06-16,1001,110.92,113.32000000000001,110.52000000000001,111.82000000000001,129750
2023-06-16,2002,158.90000000000003,162.10000000000002,158.0,159.60000000000002,154750
2023-06-16,3003,208.88,212.88,207.48,209.38,179750
2023-06-19,1001,112.29999999999998,114.69999999999999,111.89999999999999,113.19999999999999,130000
2023-06-19,2002,160.5,163.7,159.59999999999997,161.2,155000
2023-06-19,3003,210.70000000000002,214.70000000000002,209.3,211.20000000000002,180000
2023-06-20,1001,113.67999999999999,116.08,113.28,114.58,130250
2023-06-20,2002,162.1,165.29999999999998,161.19999999999996,162.79999999999998,155250
2023-06-20,3003,212.52,216.52,211.12,213.02,180250
2023-06-21,1001,115.06,117.46000000000001,114.66000000000001,115.96000000000001,130500
2023-06-21,2002,163.70000000000002,166.9,162.79999999999998,164.4,155500
2023-06-21,3003,214.34,218.34,212.94,214.84,180500
2023-06-22,1001,116.44,118.84,116.04,117.34,130750
2023-06-22,2002,165.3,168.5,164.39999999999998,166.0,155750
2023-06-22,3003,216.16,220.16,214.76,216.66,180750
2023-06-23,1001,117.82,120.22,117.42,118.72,131000
2023-06-23,2002,166.90000000000003,170.10000000000002,166.0,167.60000000000002,156000
2023-06-23,3003,217.98,221.98,216.57999999999998,218.48,181000
2023-06-26,1001,119.19999999999999,121.6,118.8,120.1,131250
2023-06-26,2002,168.5,171.7,167.59999999999997,169.2,156250
2023-06-26,3003,219.8,223.8,218.4,220.3,181250
2023-06-27,1001,120.58,122.98,120.18,121.48,131500
2023-06-27,2002,170.1,173.29999999999998,169.19999999999996,170.79999999999998,156500
2023-06-27,3003,194.42,198.42,193.01999999999998,194.92,181500
2023-06-28,1001,121.96,124.36,121.56,122.86,131750
2023-06-28,2002,171.70000000000002,174.9,170.79999999999998,172.4,156750
2023-06-28,3003,196.24,200.24,194.84,196.74,181750
2023-06-29,1001,123.33999999999999,125.74,122.94,124.24,132000
2023-06-29,2002,173.3,176.5,172.39999999999998,174.0,157000
2023-06-29,3003,198.06,202.06,196.66,198.56,182000
2023-06-30,1001,124.72,127.12,124.32000000000001,125.62,132250
2023-06-30,2002,174.90000000000003,178.10000000000002,174.0,175.60000000000002,157250
2023-06-30,3003,199.88,203.88,198.48,200.38,182250
2023-07-03,1001,126.1,128.5,125.7,127.0,132500
2023-07-03,2002,176.5,179.7,175.59999999999997,177.2,157500
2023-07-03,3003,201.7,205.7,200.29999999999998,202.2,182500
2023-07-04,1001,127.47999999999999,129.88,127.08,128.38,132750
2023-07-04,2002,154.3,157.5,153.39999999999998,155.0,157750
2023-07-04,3003,203.51999999999998,207.51999999999998,202.11999999999998,204.01999999999998,182750
2023-07-05,1001,128.85999999999999,131.26,128.45999999999998,129.76,133000
2023-07-05,2002,155.9,159.1,154.99999999999997,156.6,158000
2023-07-05,3003,205.34,209.34,203.94,205.84,183000
2023-07-06,1001,130.23999999999998,132.64,129.83999999999997,131.14,133250
2023-07-06,2002,157.5,160.7,156.59999999999997,158.2,158250
2023-07-06,3003,207.16,211.16,205.76,207.66,183250
2023-07-07,1001,131.62,134.02,131.22,132.52,133500
2023-07-07,2002,159.10000000000002,162.3,158.2,159.8,158500
2023-07-07,3003,208.98,212.98,207.57999999999998,209.48,183500
2023-07-10,1001,133.0,135.4,132.6,133.9,133750
2023-07-10,2002,160.70000000000002,163.9,159.79999999999998,161.4,158750
2023-07-10,3003,210.79999999999998,214.79999999999998,209.39999999999998,211.29999999999998,183750
2023-07-11,1001,113.98,116.38000000000001,113.58000000000001,114.88000000000001,134000
2023-07-11,2002,162.3,165.5,161.39999999999998,163.0,159000
2023-07-11,3003,212.62,216.62,211.22,213.12,184000
2023-07-12,1001,115.35999999999999,117.75999999999999,114.96,116.25999999999999,134250
2023-07-12,2002,163.9,167.1,162.99999999999997,164.6,159250
2023-07-12,3003,214.44,218.44,213.04,214.94,184250
2023-07-13,1001,116.74,119.14,116.34,117.64,134500
2023-07-13,2002,165.5,168.7,164.59999999999997,166.2,159500
2023-07-13,3003,216.26000000000002,220.26000000000002,214.86,216.76000000000002,184500
2023-07-14,1001,118.11999999999999,120.52,117.72,119.02,134750
2023-07-14,2002,167.10000000000002,170.3,166.2,167.8,159750
2023-07-14,3003,218.08,222.08,216.68,218.58,184750
2023-07-17,1001,119.5,121.9,119.10000000000001,120.4,135000
2023-07-17,2002,168.70000000000002,171.9,167.79999999999998,169.4,160000
2023-07-17,3003,219.9,223.9,218.5,220.4,185000
2023-07-18,1001,120.88,123.28,120.48,121.78,135250
2023-07-18,2002,170.3,173.5,169.39999999999998,171.0,160250
2023-07-18,3003,221.72,225.72,220.32,222.22,185250
2023-07-19,1001,122.25999999999999,124.66,121.86,123.16,135500
2023-07-19,2002,171.9,175.1,170.99999999999997,172.6,160500
2023-07-19,3003,223.54000000000002,227.54000000000002,222.14000000000001,224.04000000000002,185500
2023-07-20,1001,123.63999999999999,126.03999999999999,123.24,124.53999999999999,135750
2023-07-20,2002,173.5,176.7,172.59999999999997,174.2,160750
2023-07-20,3003,198.16,202.16,196.76,198.66,185750
2023-07-21,1001,125.02,127.42,124.62,125.92,136000
2023-07-21,2002,175.10000000000002,178.3,174.2,175.8,161000
2023-07-21,3003,199.98000000000002,203.98000000000002,198.58,200.48000000000002,186000
2023-07-24,1001,126.39999999999999,128.8,126.0,127.3,136250
2023-07-24,2002,176.70000000000002,179.9,175.79999999999998,177.4,161250
2023-07-24,3003,201.8,205.8,200.4,202.3,186250
2023-07-25,1001,127.78,130.18,127.38000000000001,128.68,136500
2023-07-25,2002,178.3,181.5,177.39999999999998,179.0,161500
2023-07-25,3003,203.62,207.62,202.22,204.12,186500
2023-07-26,1001,129.16,131.56,128.76,130.06,136750
2023-07-26,2002,179.9,183.1,178.99999999999997,180.6,161750
2023-07-26,3003,205.44,209.44,204.04,205.94,186750
2023-07-27,1001,130.54,132.94,130.14,131.44,137000
2023-07-27,2002,157.70000000000002,160.9,156.79999999999998,158.4,162000
2023-07-27,3003,207.26,211.26,205.85999999999999,207.76,187000
2023-07-28,1001,131.92,134.32,131.51999999999998,132.82,137250
2023-07-28,2002,159.3,162.5,158.39999999999998,160.0,162250
2023-07-28,3003,209.08,213.08,207.68,209.58,187250
2023-07-31,1001,133.29999999999998,135.7,132.89999999999998,134.2,137500
2023-07-31,2002,160.9,164.1,159.99999999999997,161.6,162500
2023-07-31,3003,210.9,214.9,209.5,211.4,187500
2023-08-01,1001,134.68,137.08,134.28,135.58,137750
2023-08-01,2002,162.5,165.7,161.59999999999997,163.2,162750
2023-08-01,3003,212.72,216.72,211.32,213.22,187750
2023-08-02,1001,136.06,138.46,135.66,136.96,138000
2023-08-02,2002,164.10000000000002,167.3,163.2,164.8,163000
2023-08-02,3003,214.54,218.54,213.14,215.04,188000
2023-08-03,1001,117.03999999999999,119.44,116.64,117.94,138250
2023-08-03,2002,165.70000000000002,168.9,164.79999999999998,166.4,163250
2023-08-03,3003,216.35999999999999,220.35999999999999,214.95999999999998,216.85999999999999,188250
2023-08-04,1001,118.41999999999999,120.82,118.02,119.32,138500
2023-08-04,2002,167.3,170.5,166.39999999999998,168.0,163500
2023-08-04,3003,218.18,222.18,216.78,218.68,188500
2023-08-07,1001,119.8,122.2,119.4,120.7,138750
2023-08-07,2002,168.9,172.1,167.99999999999997,169.6,163750
2023-08-07,3003,220.0,224.0,218.6,220.5,188750
2023-08-08,1001,121.17999999999998,123.57999999999998,120.77999999999999,122.07999999999998,139000
2023-08-08,2002,170.5,173.7,169.59999999999997,171.2,164000
2023-08-08,3003,221.82,225.82,220.42,222.32,189000
2023-08-09,1001,122.55999999999999,124.96,122.16,123.46,139250
2023-08-09,2002,172.10000000000002,175.3,171.2,172.8,164250
2023-08-09,3003,223.64,227.64,222.23999999999998,224.14,189250
2023-08-10,1001,123.94,126.34,123.54,124.84,139500
2023-08-10,2002,173.70000000000002,176.9,172.79999999999998,174.4,164500
2023-08-10,3003,225.45999999999998,229.45999999999998,224.05999999999997,225.95999999999998,189500
2023-08-11,1001,125.32,127.72,124.92,126.22,139750
2023-08-11,2002,175.3,178.5,174.39999999999998,176.0,164750
2023-08-11,3003,227.28,231.28,225.88,227.78,189750
2023-08-14,1001,126.7,129.10000000000002,126.30000000000001,127.60000000000001,140000
2023-08-14,2002,176.9,180.1,175.99999999999997,177.6,165000
2023-08-14,3003,201.89999999999998,205.89999999999998,200.49999999999997,202.39999999999998,190000
2023-08-15,1001,128.07999999999998,130.48,127.67999999999999,128.98,140250
2023-08-15,2002,178.5,181.7,177.59999999999997,179.2,165250
2023-08-15,3003,203.72000000000003,207.72000000000003,202.32000000000002,204.22000000000003,190250
2023-08-16,1001,129.45999999999998,131.85999999999999,129.05999999999997,130.35999999999999,140500
2023-08-16,2002,180.10000000000002,183.3,179.2,180.8,165500
2023-08-16,3003,205.54,209.54,204.14,206.04,190500
2023-08-17,1001,130.84,133.24,130.44,131.74,140750
2023-08-17,2002,181.70000000000002,184.9,180.79999999999998,182.4,165750
2023-08-17,3003,207.36,211.36,205.96,207.86,190750
2023-08-18,1001,132.22,134.62,131.82,133.12,141000
2023-08-18,2002,183.3,186.5,182.39999999999998,184.0,166000
2023-08-18,3003,209.17999999999998,213.17999999999998,207.77999999999997,209.67999999999998,191000
2023-08-21,1001,133.6,136.0,133.2,134.5,141250
2023-08-21,2002,161.10000000000002,164.3,160.2,161.8,166250
2023-08-21,3003,211.0,215.0,209.6,211.5,191250
2023-08-22,1001,134.98,137.38,134.57999999999998,135.88,141500
2023-08-22,2002,162.7,165.89999999999998,161.79999999999995,163.39999999999998,166500
2023-08-22,3003,212.82000000000002,216.82000000000002,211.42000000000002,213.32000000000002,191500
2023-08-23,1001,136.35999999999999,138.76,135.95999999999998,137.26,141750
2023-08-23,2002,164.3,167.5,163.39999999999998,165.0,166750
2023-08-23,3003,214.64000000000001,218.64000000000001,213.24,215.14000000000001,191750
2023-08-24,1001,137.74,140.14000000000001,137.34,138.64000000000001,142000
2023-08-24,2002,165.9,169.1,164.99999999999997,166.6,167000
2023-08-24,3003,216.46,220.46,215.06,216.96,192000
2023-08-25,1001,139.11999999999998,141.51999999999998,138.71999999999997,140.01999999999998,142250
2023-08-25,2002,167.50000000000003,170.70000000000002,166.6,168.20000000000002,167250
2023-08-25,3003,218.28,222.28,216.88,218.78,192250
2023-08-28,1001,120.1,122.5,119.7,121.0,142500
2023-08-28,2002,169.10000000000002,172.3,168.2,169.8,167500
2023-08-28,3003,220.1,224.1,218.7,220.6,192500
2023-08-29,1001,121.47999999999999,123.88,121.08,122.38,142750
2023-08-29,2002,170.7,173.89999999999998,169.79999999999995,171.39999999999998,167750
2023-08-29,3003,221.92000000000002,225.92000000000002,220.52,222.42000000000002,192750
2023-08-30,1001,122.86,125.26,122.46000000000001,123.76,143000
2023-08-30,2002,172.3,175.5,171.39999999999998,173.0,168000
2023-08-30,3003,223.74,227.74,222.34,224.24,193000
2023-08-31,1001,124.23999999999998,126.63999999999999,123.83999999999999,125.13999999999999,143250
2023-08-31,2002,173.9,177.1,172.99999999999997,174.6,168250
2023-08-31,3003,225.56,229.56,224.16,226.06,193250
2023-09-01,1001,125.61999999999999,128.01999999999998,125.22,126.52,143500
2023-09-01,2002,175.50000000000003,178.70000000000002,174.6,176.20000000000002,168500
2023-09-01,3003,227.38,231.38,225.98,227.88,193500
2023-09-04,1001,127.0,129.4,126.60000000000001,127.9,143750
2023-09-04,2002,177.10000000000002,180.3,176.2,177.8,168750
2023-09-04,3003,229.2,233.2,227.79999999999998,229.7,193750
2023-09-05,1001,128.38,130.78,127.98,129.28,144000
2023-09-05,2002,178.7,181.89999999999998,177.79999999999995,179.39999999999998,169000
2023-09-05,3003,231.02,235.02,229.62,231.52,194000
2023-09-06,1001,129.76000000000002,132.16000000000003,129.36,130.66000000000003,144250
2023-09-06,2002,180.3,183.5,179.39999999999998,181.0,169250
2023-09-06,3003,205.64,209.64,204.23999999999998,206.14,194250
2023-09-07,1001,131.14,133.54,130.73999999999998,132.04,144500
2023-09-07,2002,181.9,185.1,180.99999999999997,182.6,169500
2023-09-07,3003,207.46,211.46,206.06,207.96,194500
2023-09-08,1001,132.51999999999998,134.92,132.11999999999998,133.42,144750
2023-09-08,2002,183.50000000000003,186.70000000000002,182.6,184.20000000000002,169750
2023-09-08,3003,209.28,213.28,207.88,209.78,194750
2023-09-11,1001,133.9,136.3,133.5,134.8,145000
2023-09-11,2002,185.10000000000002,188.3,184.2,185.8,170000
2023-09-11,3003,211.1,215.1,209.7,211.6,195000
2023-09-12,1001,135.27999999999997,137.67999999999998,134.87999999999997,136.17999999999998,145250
2023-09-12,2002,186.7,189.89999999999998,185.79999999999995,187.39999999999998,170250
2023-09-12,3003,212.92,216.92,211.51999999999998,213.42,195250
2023-09-13,1001,136.66,139.06,136.26,137.56,145500
2023-09-13,2002,164.50000000000003,167.70000000000002,163.6,165.20000000000002,170500
2023-09-13,3003,214.73999999999998,218.73999999999998,213.33999999999997,215.23999999999998,195500
2023-09-14,1001,138.04,140.44,137.64,138.94,145750
2023-09-14,2002,166.1,169.29999999999998,165.19999999999996,166.79999999999998,170750
2023-09-14,3003,216.56,220.56,215.16,217.06,195750
2023-09-15,1001,139.42,141.82,139.01999999999998,140.32,146000
2023-09-15,2002,167.70000000000002,170.9,166.79999999999998,168.4,171000
2023-09-15,3003,218.38,222.38,216.98,218.88,196000
2023-09-18,1001,140.8,143.20000000000002,140.4,141.70000000000002,146250
2023-09-18,2002,169.3,172.5,168.39999999999998,170.0,171250
2023-09-18,3003,220.2,224.2,218.79999999999998,220.7,196250
2023-09-19,1001,142.17999999999998,144.57999999999998,141.77999999999997,143.07999999999998,146500
2023-09-19,2002,170.9,174.1,169.99999999999997,171.6,171500
2023-09-19,3003,222.02,226.02,220.62,222.52,196500
2023-09-20,1001,123.16,125.56,122.76,124.06,146750
2023-09-20,2002,172.50000000000003,175.70000000000002,171.6,173.20000000000002,171750
2023-09-20,3003,223.83999999999997,227.83999999999997,222.43999999999997,224.33999999999997,196750
2023-09-21,1001,124.53999999999999,126.94,124.14,125.44,147000
2023-09-21,2002,174.1,177.29999999999998,173.19999999999996,174.79999999999998,172000
2023-09-21,3003,225.66000000000003,229.66000000000003,224.26000000000002,226.16000000000003,197000
2023-09-22,1001,125.91999999999997,128.32,125.51999999999998,126.81999999999998,147250
2023-09-22,2002,175.70000000000002,178.9,174.79999999999998,176.4,172250
2023-09-22,3003,227.48,231.48,226.07999999999998,227.98,197250
2023-09-25,1001,127.29999999999998,129.7,126.89999999999999,128.2,147500
2023-09-25,2002,177.3,180.5,176.39999999999998,178.0,172500
2023-09-25,3003,229.3,233.3,227.9,229.8,197500
2023-09-26,1001,128.67999999999998,131.07999999999998,128.27999999999997,129.57999999999998,147750
2023-09-26,2002,178.9,182.1,177.99999999999997,179.6,172750
2023-09-26,3003,231.12,235.12,229.72,231.62,197750
2023-09-27,1001,130.06,132.46,129.66,130.96,148000
2023-09-27,2002,180.50000000000003,183.70000000000002,179.6,181.20000000000002,173000
2023-09-27,3003,232.94,236.94,231.54,233.44,198000
2023-09-28,1001,131.44,133.84,131.04,132.34,148250
2023-09-28,2002,182.1,185.29999999999998,181.19999999999996,182.79999999999998,173250
2023-09-28,3003,234.76000000000002,238.76000000000002,233.36,235.26000000000002,198250
2023-09-29,1001,132.82000000000002,135.22000000000003,132.42000000000002,133.72000000000003,148500
2023-09-29,2002,183.70000000000002,186.9,182.79999999999998,184.4,173500
2023-09-29,3003,209.38,213.38,207.98,209.88,198500
2023-10-02,1001,134.2,136.6,133.79999999999998,135.1,148750
2023-10-02,2002,185.3,188.5,184.39999999999998,186.0,173750
2023-10-02,3003,211.20000000000002,215.20000000000002,209.8,211.70000000000002,198750
2023-10-03,1001,135.57999999999998,137.98,135.17999999999998,136.48,149000
2023-10-03,2002,186.9,190.1,185.99999999999997,187.6,174000
2023-10-03,3003,213.02,217.02,211.62,213.52,199000
2023-10-04,1001,136.96,139.36,136.56,137.86,149250
2023-10-04,2002,188.50000000000003,191.70000000000002,187.6,189.20000000000002,174250
2023-10-04,3003,214.84,218.84,213.44,215.34,199250
2023-10-05,1001,138.33999999999997,140.73999999999998,137.93999999999997,139.23999999999998,149500
2023-10-05,2002,190.1,193.29999999999998,189.19999999999996,190.79999999999998,174500
2023-10-05,3003,216.66,220.66,215.26,217.16,199500
2023-10-06,1001,139.72,142.12,139.32,140.62,149750
2023-10-06,2002,167.90000000000003,171.10000000000002,167.0,168.60000000000002,174750
2023-10-06,3003,218.48,222.48,217.07999999999998,218.98,199750
2023-10-09,1001,141.1,143.5,140.7,142.0,150000
2023-10-09,2002,169.5,172.7,168.59999999999997,170.2,175000
2023-10-09,3003,220.3,224.3,218.9,220.8,200000
2023-10-10,1001,142.48,144.88,142.07999999999998,143.38,150250
2023-10-10,2002,171.1,174.29999999999998,170.19999999999996,171.79999999999998,175250
2023-10-10,3003,222.12,226.12,220.72,222.62,200250
2023-10-11,1001,143.86,146.26000000000002,143.46,144.76000000000002,150500
2023-10-11,2002,172.70000000000002,175.9,171.79999999999998,173.4,175500
2023-10-11,3003,223.94,227.94,222.54,224.44,200500
2023-10-12,1001,145.23999999999998,147.64,144.83999999999997,146.14,150750
2023-10-12,2002,174.3,177.5,173.39999999999998,175.0,175750
2023-10-12,3003,225.76,229.76,224.35999999999999,226.26,200750
2023-10-13,1001,126.22,128.62,125.82000000000001,127.12,151000
2023-10-13,2002,175.90000000000003,179.10000000000002,175.0,176.60000000000002,176000
2023-10-13,3003,227.57999999999998,231.57999999999998,226.17999999999998,228.07999999999998,201000
2023-10-16,1001,127.6,130.0,127.2,128.5,151250
2023-10-16,2002,177.5,180.7,176.59999999999997,178.2,176250
2023-10-16,3003,229.4,233.4,228.0,229.9,201250
2023-10-17,1001,128.98,131.38,128.57999999999998,129.88,151500
2023-10-17,2002,179.1,182.29999999999998,178.19999999999996,179.79999999999998,176500
2023-10-17,3003,231.22,235.22,229.82,231.72,201500
2023-10-18,1001,130.35999999999999,132.76,129.95999999999998,131.26,151750
2023-10-18,2002,180.70000000000002,183.9,179.79999999999998,181.4,176750
2023-10-18,3003,233.04,237.04,231.64,233.54,201750
2023-10-19,1001,131.73999999999998,134.14,131.33999999999997,132.64,152000
2023-10-19,2002,182.3,185.5,181.39999999999998,183.0,177000
2023-10-19,3003,234.85999999999999,238.85999999999999,233.45999999999998,235.35999999999999,202000
2023-10-20,1001,133.12,135.52,132.72,134.02,152250
2023-10-20,2002,183.90000000000003,187.10000000000002,183.0,184.60000000000002,177250
2023-10-20,3003,236.67999999999998,240.67999999999998,235.27999999999997,237.17999999999998,202250
2023-10-23,1001,134.5,136.9,134.1,135.4,152500
2023-10-23,2002,185.5,188.7,184.59999999999997,186.2,177500
2023-10-23,3003,238.5,242.5,237.1,239.0,202500
2023-10-24,1001,135.88,138.28,135.48,136.78,152750
2023-10-24,2002,187.1,190.29999999999998,186.19999999999996,187.79999999999998,177750
2023-10-24,3003,213.12,217.12,211.72,213.62,202750
2023-10-25,1001,137.26,139.66,136.85999999999999,138.16,153000
2023-10-25,2002,188.70000000000002,191.9,187.79999999999998,189.4,178000
2023-10-25,3003,214.94,218.94,213.54,215.44,203000
2023-10-26,1001,138.64,141.04,138.23999999999998,139.54,153250
2023-10-26,2002,190.3,193.5,189.39999999999998,191.0,178250
2023-10-26,3003,216.76000000000002,220.76000000000002,215.36,217.26000000000002,203250
2023-10-27,1001,140.01999999999998,142.42,139.61999999999998,140.92,153500
2023-10-27,2002,191.90000000000003,195.10000000000002,191.0,192.60000000000002,178500
2023-10-27,3003,218.57999999999998,222.57999999999998,217.17999999999998,219.07999999999998,203500
2023-10-30,1001,141.39999999999998,143.79999999999998,140.99999999999997,142.29999999999998,153750
2023-10-30,2002,193.5,196.7,192.59999999999997,194.2,178750
2023-10-30,3003,220.4,224.4,219.0,220.9,203750
2023-10-31,1001,142.78,145.18,142.38,143.68,154000
2023-10-31,2002,171.3,174.5,170.39999999999998,172.0,179000
2023-10-31,3003,222.22,226.22,220.82,222.72,204000
2023-11-01,1001,144.16,146.56,143.76,145.06,154250
2023-11-01,2002,172.9,176.1,171.99999999999997,173.6,179250
2023-11-01,3003,224.04000000000002,228.04000000000002,222.64000000000001,224.54000000000002,204250
2023-11-02,1001,145.54,147.94,145.14,146.44,154500
2023-11-02,2002,174.5,177.7,173.59999999999997,175.2,179500
2023-11-02,3003,225.86,229.86,224.46,226.36,204500
2023-11-03,1001,146.92000000000002,149.32000000000002,146.52,147.82000000000002,154750
2023-11-03,2002,176.10000000000002,179.3,175.2,176.8,179750
2023-11-03,3003,227.68,231.68,226.28,228.18,204750
2023-11-06,1001,148.29999999999998,150.7,147.89999999999998,149.2,155000
2023-11-06,2002,177.70000000000002,180.9,176.79999999999998,178.4,180000
2023-11-06,3003,229.5,233.5,228.1,230.0,205000
2023-11-07,1001,129.28,131.68,128.88,130.18,155250
2023-11-07,2002,179.3,182.5,178.39999999999998,180.0,180250
2023-11-07,3003,231.32,235.32,229.92,231.82,205250
2023-11-08,1001,130.66,133.06,130.26,131.56,155500
2023-11-08,2002,180.9,184.1,179.99999999999997,181.6,180500
2023-11-08,3003,233.14000000000001,237.14000000000001,231.74,233.64000000000001,205500
2023-11-09,1001,132.04,134.44,131.64,132.94,155750
2023-11-09,2002,182.5,185.7,181.59999999999997,183.2,180750
2023-11-09,3003,234.96,238.96,233.56,235.46,205750
2023-11-10,1001,133.42,135.82,133.01999999999998,134.32,156000
2023-11-10,2002,184.10000000000002,187.3,183.2,184.8,181000
2023-11-10,3003,236.78,240.78,235.38,237.28,206000
2023-11-13,1001,134.79999999999998,137.2,134.39999999999998,135.7,156250
2023-11-13,2002,185.70000000000002,188.9,184.79999999999998,186.4,181250
2023-11-13,3003,238.6,242.6,237.2,239.1,206250
2023-11-14,1001,136.18,138.58,135.78,137.08,156500
2023-11-14,2002,187.3,190.5,186.39999999999998,188.0,181500
2023-11-14,3003,240.42,244.42,239.01999999999998,240.92,206500
2023-11-15,1001,137.56,139.96,137.16,138.46,156750
2023-11-15,2002,188.9,192.1,187.99999999999997,189.6,181750
2023-11-15,3003,242.24,246.24,240.84,242.74,206750
2023-11-16,1001,138.94,141.34,138.54,139.84,157000
2023-11-16,2002,190.5,193.7,189.59999999999997,191.2,182000
2023-11-16,3003,216.85999999999999,220.85999999999999,215.45999999999998,217.35999999999999,207000
2023-11-17,1001,140.32,142.72,139.92,141.22,157250
2023-11-17,2002,192.10000000000002,195.3,191.2,192.8,182250
2023-11-17,3003,218.68,222.68,217.28,219.18,207250
2023-11-20,1001,141.7,144.1,141.29999999999998,142.6,157500
2023-11-20,2002,193.70000000000002,196.9,192.79999999999998,194.4,182500
2023-11-20,3003,220.5,224.5,219.1,221.0,207500
2023-11-21,1001,143.07999999999998,145.48,142.67999999999998,143.98,157750
2023-11-21,2002,195.3,198.5,194.39999999999998,196.0,182750
2023-11-21,3003,222.32,226.32,220.92,222.82,207750
2023-11-22,1001,144.45999999999998,146.85999999999999,144.05999999999997,145.35999999999999,158000
2023-11-22,2002,196.9,200.1,195.99999999999997,197.6,183000
2023-11-22,3003,224.14,228.14,222.73999999999998,224.64,208000
2023-11-23,1001,145.84,148.24,145.44,146.74,158250
2023-11-23,2002,174.70000000000002,177.9,173.79999999999998,175.4,183250
2023-11-23,3003,225.95999999999998,229.95999999999998,224.55999999999997,226.45999999999998,208250
2023-11-24,1001,147.22,149.62,146.82,148.12,158500
2023-11-24,2002,176.3,179.5,175.39999999999998,177.0,183500
2023-11-24,3003,227.78,231.78,226.38,228.28,208500
2023-11-27,1001,148.6,151.0,148.2,149.5,158750
2023-11-27,2002,177.9,181.1,176.99999999999997,178.6,183750
2023-11-27,3003,229.6,233.6,228.2,230.1,208750
2023-11-28,1001,149.98,152.38,149.57999999999998,150.88,159000
2023-11-28,2002,179.5,182.7,178.59999999999997,180.2,184000
2023-11-28,3003,231.42000000000002,235.42000000000002,230.02,231.92000000000002,209000
2023-11-29,1001,151.35999999999999,153.76,150.95999999999998,152.26,159250
2023-11-29,2002,181.10000000000002,184.3,180.2,181.8,184250
2023-11-29,3003,233.23999999999998,237.23999999999998,231.83999999999997,233.73999999999998,209250
2023-11-30,1001,132.34,134.74,131.94,133.24,159500
2023-11-30,2002,182.70000000000002,185.9,181.79999999999998,183.4,184500
2023-11-30,3003,235.06,239.06,233.66,235.56,209500
2023-12-01,1001,133.71999999999997,136.11999999999998,133.31999999999996,134.61999999999998,159750
2023-12-01,2002,184.3,187.5,183.39999999999998,185.0,184750
2023-12-01,3003,236.88,240.88,235.48,237.38,209750
2023-12-04,1001,135.1,137.5,134.7,136.0,160000
2023-12-04,2002,185.9,189.1,184.99999999999997,186.6,185000
2023-12-04,3003,238.70000000000002,242.70000000000002,237.3,239.20000000000002,210000
2023-12-05,1001,136.48,138.88,136.07999999999998,137.38,160250
2023-12-05,2002,187.5,190.7,186.59999999999997,188.2,185250
2023-12-05,3003,240.52,244.52,239.12,241.02,210250
2023-12-06,1001,137.85999999999999,140.26,137.45999999999998,138.76,160500
2023-12-06,2002,189.10000000000002,192.3,188.2,189.8,185500
2023-12-06,3003,242.34,246.34,240.94,242.84,210500
2023-12-07,1001,139.24,141.64000000000001,138.84,140.14000000000001,160750
2023-12-07,2002,190.70000000000002,193.9,189.79999999999998,191.4,185750
2023-12-07,3003,244.16,248.16,242.76,244.66,210750
2023-12-08,1001,140.62,143.02,140.22,141.52,161000
2023-12-08,2002,192.3,195.5,191.39999999999998,193.0,186000
2023-12-08,3003,245.98000000000002,249.98000000000002,244.58,246.48000000000002,211000
2023-12-11,1001,142.0,144.4,141.6,142.9,161250
2023-12-11,2002,193.9,197.1,192.99999999999997,194.6,186250
2023-12-11,3003,220.6,224.6,219.2,221.1,211250
2023-12-12,1001,143.38,145.78,142.98,144.28,161500
2023-12-12,2002,195.5,198.7,194.59999999999997,196.2,186500
2023-12-12,3003,222.42000000000002,226.42000000000002,221.02,222.92000000000002,211500
2023-12-13,1001,144.76,147.16,144.35999999999999,145.66,161750
2023-12-13,2002,197.10000000000002,200.3,196.2,197.8,186750
2023-12-13,3003,224.24,228.24,222.84,224.74,211750
2023-12-14,1001,146.14,148.54,145.73999999999998,147.04,162000
2023-12-14,2002,198.70000000000002,201.9,197.79999999999998,199.4,187000
2023-12-14,3003,226.06,230.06,224.66,226.56,212000
2023-12-15,1001,147.51999999999998,149.92,147.11999999999998,148.42,162250
2023-12-15,2002,200.3,203.5,199.39999999999998,201.0,187250
2023-12-15,3003,227.88,231.88,226.48,228.38,212250
2023-12-18,1001,148.9,151.3,148.5,149.8,162500
2023-12-18,2002,178.10000000000002,181.3,177.2,178.8,187500
2023-12-18,3003,229.7,233.7,228.29999999999998,230.2,212500
2023-12-19,1001,150.28,152.68,149.88,151.18,162750
2023-12-19,2002,179.7,182.89999999999998,178.79999999999995,180.39999999999998,187750
2023-12-19,3003,231.52,235.52,230.12,232.02,212750
2023-12-20,1001,151.66,154.06,151.26,152.56,163000
2023-12-20,2002,181.3,184.5,180.39999999999998,182.0,188000
2023-12-20,3003,233.34,237.34,231.94,233.84,213000
2023-12-21,1001,153.04,155.44,152.64,153.94,163250
2023-12-21,2002,182.9,186.1,181.99999999999997,183.6,188250
2023-12-21,3003,235.16,239.16,233.76,235.66,213250
2023-12-22,1001,154.42,156.82,154.01999999999998,155.32,163500
2023-12-22,2002,184.50000000000003,187.70000000000002,183.6,185.20000000000002,188500
2023-12-22,3003,236.98,240.98,235.57999999999998,237.48,213500
2023-12-25,1001,135.4,137.8,135.0,136.3,163750
2023-12-25,2002,186.10000000000002,189.3,185.2,186.8,188750
2023-12-25,3003,238.79999999999998,242.79999999999998,237.39999999999998,239.29999999999998,213750
2023-12-26,1001,136.77999999999997,139.17999999999998,136.37999999999997,137.67999999999998,164000
2023-12-26,2002,187.7,190.89999999999998,186.79999999999995,188.39999999999998,189000
2023-12-26,3003,240.62,244.62,239.22,241.12,214000
2023-12-27,1001,138.16,140.56,137.76,139.06,164250
2023-12-27,2002,189.3,192.5,188.39999999999998,190.0,189250
2023-12-27,3003,242.44,246.44,241.04,242.94,214250
2023-12-28,1001,139.54,141.94,139.14,140.44,164500
2023-12-28,2002,190.9,194.1,189.99999999999997,191.6,189500
2023-12-28,3003,244.26,248.26,242.85999999999999,244.76,214500
2023-12-29,1001,140.92,143.32,140.51999999999998,141.82,164750
2023-12-29,2002,192.50000000000003,195.70000000000002,191.6,193.20000000000002,189750
2023-12-29,3003,246.07999999999998,250.07999999999998,244.67999999999998,246.57999999999998,214750
2024-01-01,1001,142.3,144.70000000000002,141.9,143.20000000000002,165000
2024-01-01,2002,194.10000000000002,197.3,193.2,194.8,190000
2024-01-01,3003,247.89999999999998,251.89999999999998,246.49999999999997,248.39999999999998,215000
2024-01-02,1001,143.67999999999998,146.07999999999998,143.27999999999997,144.57999999999998,165250
2024-01-02,2002,195.7,198.89999999999998,194.79999999999995,196.39999999999998,190250
2024-01-02,3003,249.72000000000003,253.72000000000003,248.32000000000002,250.22000000000003,215250
2024-01-03,1001,145.06,147.46,144.66,145.96,165500
2024-01-03,2002,197.3,200.5,196.39999999999998,198.0,190500
2024-01-03,3003,224.33999999999997,228.33999999999997,222.93999999999997,224.83999999999997,215500
2024-01-04,1001,146.44,148.84,146.04,147.34,165750
2024-01-04,2002,198.9,202.1,197.99999999999997,199.6,190750
2024-01-04,3003,226.16000000000003,230.16000000000003,224.76000000000002,226.66000000000003,215750
2024-01-05,1001,147.81999999999996,150.21999999999997,147.41999999999996,148.71999999999997,166000
2024-01-05,2002,200.50000000000003,203.70000000000002,199.6,201.20000000000002,191000
2024-01-05,3003,227.98,231.98,226.57999999999998,228.48,216000
2024-01-08,1001,149.2,151.6,148.79999999999998,150.1,166250
2024-01-08,2002,202.10000000000002,205.3,201.2,202.8,191250
2024-01-08,3003,229.8,233.8,228.4,230.3,216250
2024-01-09,1001,150.57999999999998,152.98,150.17999999999998,151.48,166500
2024-01-09,2002,203.7,206.89999999999998,202.79999999999995,204.39999999999998,191500
2024-01-09,3003,231.62,235.62,230.22,232.12,216500
2024-01-10,1001,151.96,154.36,151.56,152.86,166750
2024-01-10,2002,181.50000000000003,184.70000000000002,180.6,182.20000000000002,191750
2024-01-10,3003,233.44,237.44,232.04,233.94,216750
2024-01-11,1001,153.34,155.74,152.94,154.24,167000
2024-01-11,2002,183.1,186.29999999999998,182.19999999999996,183.79999999999998,192000
2024-01-11,3003,235.26000000000002,239.26000000000002,233.86,235.76000000000002,217000
2024-01-12,1001,154.72,157.12,154.32,155.62,167250
2024-01-12,2002,184.70000000000002,187.9,183.79999999999998,185.4,192250
2024-01-12,3003,237.08,241.08,235.68,237.58,217250
2024-01-15,1001,156.1,158.5,155.7,157.0,167500
2024-01-15,2002,186.3,189.5,185.39999999999998,187.0,192500
2024-01-15,3003,238.9,242.9,237.5,239.4,217500
2024-01-16,1001,157.48,159.88,157.07999999999998,158.38,167750
2024-01-16,2002,187.9,191.1,186.99999999999997,188.6,192750
2024-01-16,3003,240.72,244.72,239.32,241.22,217750
2024-01-17,1001,138.46,140.86,138.06,139.36,168000
2024-01-17,2002,189.50000000000003,192.70000000000002,188.6,190.20000000000002,193000
2024-01-17,3003,242.54,246.54,241.14,243.04,218000
2024-01-18,1001,139.83999999999997,142.23999999999998,139.43999999999997,140.73999999999998,168250
2024-01-18,2002,191.1,194.29999999999998,190.19999999999996,191.79999999999998,193250
2024-01-18,3003,244.36,248.36,242.96,244.86,218250
2024-01-19,1001,141.22,143.62,140.82,142.12,168500
2024-01-19,2002,192.70000000000002,195.9,191.79999999999998,193.4,193500
2024-01-19,3003,246.18,250.18,244.78,246.68,218500
2024-01-22,1001,142.6,145.0,142.2,143.5,168750
2024-01-22,2002,194.3,197.5,193.39999999999998,195.0,193750
2024-01-22,3003,248.0,252.0,246.6,248.5,218750
2024-01-23,1001,143.98,146.38,143.57999999999998,144.88,169000
2024-01-23,2002,195.9,199.1,194.99999999999997,196.6,194000
2024-01-23,3003,249.82,253.82,248.42,250.32,219000
2024-01-24,1001,145.36,147.76000000000002,144.96,146.26000000000002,169250
2024-01-24,2002,197.50000000000003,200.70000000000002,196.6,198.20000000000002,194250
2024-01-24,3003,251.64,255.64,250.23999999999998,252.14,219250
2024-01-25,1001,146.73999999999998,149.14,146.33999999999997,147.64,169500
2024-01-25,2002,199.1,202.29999999999998,198.19999999999996,199.79999999999998,194500
2024-01-25,3003,253.46,257.46000000000004,252.06,253.96,219500
2024-01-26,1001,148.12,150.52,147.72,149.02,169750
2024-01-26,2002,200.70000000000002,203.9,199.79999999999998,201.4,194750
2024-01-26,3003,228.07999999999998,232.07999999999998,226.67999999999998,228.57999999999998,219750
2024-01-29,1001,149.5,151.9,149.1,150.4,170000
2024-01-29,2002,202.3,205.5,201.39999999999998,203.0,195000
2024-01-29,3003,229.9,233.9,228.5,230.4,220000
2024-01-30,1001,150.87999999999997,153.27999999999997,150.47999999999996,151.77999999999997,170250
2024-01-30,2002,203.9,207.1,202.99999999999997,204.6,195250
2024-01-30,3003,231.72,235.72,230.32,232.22,220250
2024-01-31,1001,152.26,154.66,151.85999999999999,153.16,170500
2024-01-31,2002,205.50000000000003,208.70000000000002,204.6,206.20000000000002,195500
2024-01-31,3003,233.54,237.54,232.14,234.04,220500
2024-02-01,1001,153.64,156.04,153.23999999999998,154.54,170750
2024-02-01,2002,207.1,210.29999999999998,206.19999999999996,207.79999999999998,195750
2024-02-01,3003,235.35999999999999,239.35999999999999,233.95999999999998,235.85999999999999,220750
2024-02-02,1001,155.02,157.42000000000002,154.62,155.92000000000002,171000
2024-02-02,2002,184.90000000000003,188.10000000000002,184.0,185.60000000000002,196000
2024-02-02,3003,237.17999999999998,241.17999999999998,235.77999999999997,237.67999999999998,221000
2024-02-05,1001,156.4,158.8,156.0,157.3,171250
2024-02-05,2002,186.5,189.7,185.59999999999997,187.2,196250
2024-02-05,3003,239.0,243.0,237.6,239.5,221250
2024-02-06,1001,157.77999999999997,160.17999999999998,157.37999999999997,158.67999999999998,171500
2024-02-06,2002,188.1,191.29999999999998,187.19999999999996,188.79999999999998,196500
2024-02-06,3003,240.82000000000002,244.82000000000002,239.42000000000002,241.32000000000002,221500
2024-02-07,1001,159.16,161.56,158.76,160.06,171750
2024-02-07,2002,189.70000000000002,192.9,188.79999999999998,190.4,196750
2024-02-07,3003,242.64,246.64,241.23999999999998,243.14,221750
2024-02-08,1001,160.54,162.94,160.14,161.44,172000
2024-02-08,2002,191.3,194.5,190.39999999999998,192.0,197000
2024-02-08,3003,244.46,248.46,243.06,244.96,222000
2024-02-09,1001,141.51999999999998,143.92,141.11999999999998,142.42,172250
2024-02-09,2002,192.90000000000003,196.10000000000002,192.0,193.60000000000002,197250
2024-02-09,3003,246.27999999999997,250.27999999999997,244.87999999999997,246.77999999999997,222250
2024-02-12,1001,142.89999999999998,145.29999999999998,142.49999999999997,143.79999999999998,172500
2024-02-12,2002,194.5,197.7,193.59999999999997,195.2,197500
2024-02-12,3003,248.10000000000002,252.10000000000002,246.70000000000002,248.60000000000002,222500
2024-02-13,1001,144.28,146.68,143.88,145.18,172750
2024-02-13,2002,196.1,199.29999999999998,195.19999999999996,196.79999999999998,197750
2024-02-13,3003,249.92,253.92,248.51999999999998,250.42,222750
2024-02-14,1001,145.66,148.06,145.26,146.56,173000
2024-02-14,2002,197.70000000000002,200.9,196.79999999999998,198.4,198000
2024-02-14,3003,251.74,255.74,250.34,252.24,223000
2024-02-15,1001,147.04,149.44,146.64,147.94,173250
2024-02-15,2002,199.3,202.5,198.39999999999998,200.0,198250
2024-02-15,3003,253.55999999999997,257.55999999999995,252.15999999999997,254.05999999999997,223250
2024-02-16,1001,148.42,150.82,148.01999999999998,149.32,173500
2024-02-16,2002,200.90000000000003,204.10000000000002,200.0,201.60000000000002,198500
2024-02-16,3003,255.38,259.38,253.98,255.88,223500
2024-02-19,1001,149.79999999999998,152.2,149.39999999999998,150.7,173750
2024-02-19,2002,202.5,205.7,201.59999999999997,203.2,198750
2024-02-19,3003,257.2,261.2,255.79999999999998,257.7,223750
2024-02-20,1001,151.18,153.58,150.78,152.08,174000
2024-02-20,2002,204.1,207.29999999999998,203.19999999999996,204.79999999999998,199000
2024-02-20,3003,231.82,235.82,230.42,232.32,224000
2024-02-21,1001,152.56,154.96,152.16,153.46,174250
2024-02-21,2002,205.70000000000002,208.9,204.79999999999998,206.4,199250
2024-02-21,3003,233.64000000000001,237.64000000000001,232.24,234.14000000000001,224250
2024-02-22,1001,153.93999999999997,156.33999999999997,153.53999999999996,154.83999999999997,174500
2024-02-22,2002,207.3,210.5,206.39999999999998,208.0,199500
2024-02-22,3003,235.46,239.46,234.06,235.96,224500
2024-02-23,1001,155.32,157.72,154.92,156.22,174750
2024-02-23,2002,208.90000000000003,212.10000000000002,208.0,209.60000000000002,199750
2024-02-23,3003,237.28,241.28,235.88,237.78,224750
2024-02-26,1001,156.7,159.1,156.29999999999998,157.6,175000
2024-02-26,2002,210.5,213.7,209.59999999999997,211.2,200000
2024-02-26,3003,239.1,243.1,237.7,239.6,225000
2024-02-27,1001,158.08,160.48000000000002,157.68,158.98000000000002,175250
2024-02-27,2002,188.3,191.5,187.39999999999998,189.0,200250
2024-02-27,3003,240.92,244.92,239.51999999999998,241.42,225250
2024-02-28,1001,159.46,161.86,159.06,160.36,175500
2024-02-28,2002,189.89999999999998,193.09999999999997,188.99999999999994,190.59999999999997,200500
2024-02-28,3003,242.74,246.74,241.34,243.24,225500
2024-02-29,1001,160.83999999999997,163.23999999999998,160.43999999999997,161.73999999999998,175750
2024-02-29,2002,191.5,194.7,190.59999999999997,192.2,200750
2024-02-29,3003,244.56,248.56,243.16,245.06,225750
2024-03-01,1001,162.22,164.62,161.82,163.12,176000
2024-03-01,2002,193.10000000000002,196.3,192.2,193.8,201000
2024-03-01,3003,246.38,250.38,244.98,246.88,226000
2024-03-04,1001,163.6,166.0,163.2,164.5,176250
2024-03-04,2002,194.70000000000002,197.9,193.79999999999998,195.4,201250
2024-03-04,3003,248.2,252.2,246.79999999999998,248.7,226250
2024-03-05,1001,144.57999999999998,146.98,144.17999999999998,145.48,176500
2024-03-05,2002,196.3,199.5,195.39999999999998,197.0,201500
2024-03-05,3003,250.01999999999998,254.01999999999998,248.61999999999998,250.51999999999998,226500
2024-03-06,1001,145.95999999999998,148.35999999999999,145.55999999999997,146.85999999999999,176750
2024-03-06,2002,197.89999999999998,201.09999999999997,196.99999999999994,198.59999999999997,201750
2024-03-06,3003,251.84000000000003,255.84000000000003,250.44000000000003,252.34000000000003,226750
2024-03-07,1001,147.34,149.74,146.94,148.24,177000
2024-03-07,2002,199.5,202.7,198.59999999999997,200.2,202000
2024-03-07,3003,253.66,257.65999999999997,252.26,254.16,227000
2024-03-08,1001,148.72,151.12,148.32,149.62,177250
2024-03-08,2002,201.10000000000002,204.3,200.2,201.8,202250
2024-03-08,3003,255.48000000000002,259.48,254.08,255.98000000000002,227250
2024-03-11,1001,150.1,152.5,149.7,151.0,177500
2024-03-11,2002,202.70000000000002,205.9,201.79999999999998,203.4,202500
2024-03-11,3003,257.3,261.3,255.9,257.8,227500
2024-03-12,1001,151.48,153.88,151.07999999999998,152.38,177750
2024-03-12,2002,204.3,207.5,203.39999999999998,205.0,202750
2024-03-12,3003,259.12,263.12,257.71999999999997,259.62,227750
2024-03-13,1001,152.85999999999999,155.26,152.45999999999998,153.76,178000
2024-03-13,2002,205.89999999999998,209.09999999999997,204.99999999999994,206.59999999999997,203000
2024-03-13,3003,260.94,264.94,259.53999999999996,261.44,228000
2024-03-14,1001,154.24,156.64000000000001,153.84,155.14000000000001,178250
2024-03-14,2002,207.5,210.7,206.59999999999997,208.2,203250
2024-03-14,3003,235.56,239.56,234.16,236.06,228250
2024-03-15,1001,155.61999999999998,158.01999999999998,155.21999999999997,156.51999999999998,178500
2024-03-15,2002,209.10000000000002,212.3,208.2,209.8,203500
2024-03-15,3003,237.38,241.38,235.98,237.88,228500
2024-03-18,1001,156.99999999999997,159.39999999999998,156.59999999999997,157.89999999999998,178750
2024-03-18,2002,210.70000000000002,213.9,209.79999999999998,211.4,203750
2024-03-18,3003,239.20000000000002,243.20000000000002,237.8,239.70000000000002,228750
2024-03-19,1001,158.38,160.78,157.98,159.28,179000
2024-03-19,2002,212.3,215.5,211.39999999999998,213.0,204000
2024-03-19,3003,241.01999999999998,245.01999999999998,239.61999999999998,241.51999999999998,229000
2024-03-20,1001,159.76,162.16,159.35999999999999,160.66,179250
2024-03-20,2002,213.89999999999998,217.09999999999997,212.99999999999994,214.59999999999997,204250
2024-03-20,3003,242.84,246.84,241.44,243.34,229250
2024-03-21,1001,161.14000000000001,163.54000000000002,160.74,162.04000000000002,179500
2024-03-21,2002,191.70000000000002,194.9,190.79999999999998,192.4,204500
2024-03-21,3003,244.65999999999997,248.65999999999997,243.25999999999996,245.15999999999997,229500
2024-03-22,1001,162.51999999999998,164.92,162.11999999999998,163.42,179750
2024-03-22,2002,193.3,196.5,192.39999999999998,194.0,204750
2024-03-22,3003,246.48000000000002,250.48000000000002,245.08,246.98000000000002,229750
2024-03-25,1001,163.89999999999998,166.29999999999998,163.49999999999997,164.79999999999998,180000
2024-03-25,2002,194.9,198.1,193.99999999999997,195.6,205000
2024-03-25,3003,248.3,252.3,246.9,248.8,230000
2024-03-26,1001,165.28,167.68,164.88,166.18,180250
2024-03-26,2002,196.5,199.7,195.59999999999997,197.2,205250
2024-03-26,3003,250.12,254.12,248.72,250.62,230250
2024-03-27,1001,166.66,169.06,166.26,167.56,180500
2024-03-27,2002,198.1,201.29999999999998,197.19999999999996,198.79999999999998,205500
2024-03-27,3003,251.94,255.94,250.54,252.44,230500
2024-03-28,1001,147.64,150.04,147.23999999999998,148.54,180750
2024-03-28,2002,199.70000000000002,202.9,198.79999999999998,200.4,205750
2024-03-28,3003,253.76,257.76,252.35999999999999,254.26,230750
2024-03-29,1001,149.01999999999998,151.42,148.61999999999998,149.92,181000
2024-03-29,2002,201.3,204.5,200.39999999999998,202.0,206000
2024-03-29,3003,255.57999999999998,259.58,254.17999999999998,256.08,231000
2024-04-01,1001,150.4,152.8,150.0,151.3,181250
2024-04-01,2002,202.9,206.1,201.99999999999997,203.6,206250
2024-04-01,3003,257.4,261.4,255.99999999999997,257.9,231250
2024-04-02,1001,151.78,154.18,151.38,152.68,181500
2024-04-02,2002,204.5,207.7,203.59999999999997,205.2,206500
2024-04-02,3003,259.22,263.22,257.82,259.72,231500
2024-04-03,1001,153.16,155.56,152.76,154.06,181750
2024-04-03,2002,206.1,209.29999999999998,205.19999999999996,206.79999999999998,206750
2024-04-03,3003,261.04,265.04,259.64,261.54,231750
2024-04-04,1001,154.54,156.94,154.14,155.44,182000
2024-04-04,2002,207.70000000000002,210.9,206.79999999999998,208.4,207000
2024-04-04,3003,262.86,266.86,261.46,263.36,232000
2024-04-05,1001,155.92,158.32,155.51999999999998,156.82,182250
2024-04-05,2002,209.3,212.5,208.39999999999998,210.0,207250
2024-04-05,3003,264.68,268.68,263.28,265.18,232250
2024-04-08,1001,157.3,159.70000000000002,156.9,158.20000000000002,182500
2024-04-08,2002,210.9,214.1,209.99999999999997,211.6,207500
2024-04-08,3003,239.29999999999998,243.29999999999998,237.89999999999998,239.79999999999998,232500
2024-04-09,1001,158.67999999999998,161.07999999999998,158.27999999999997,159.57999999999998,182750
2024-04-09,2002,212.5,215.7,211.59999999999997,213.2,207750
2024-04-09,3003,241.12,245.12,239.72,241.62,232750
2024-04-10,1001,160.05999999999997,162.45999999999998,159.65999999999997,160.95999999999998,183000
2024-04-10,2002,214.1,217.29999999999998,213.19999999999996,214.79999999999998,208000
2024-04-10,3003,242.94000000000003,246.94000000000003,241.54000000000002,243.44000000000003,233000
2024-04-11,1001,161.44,163.84,161.04,162.34,183250
2024-04-11,2002,215.70000000000002,218.9,214.79999999999998,216.4,208250
2024-04-11,3003,244.76,248.76,243.35999999999999,245.26,233250
2024-04-12,1001,162.82,165.22,162.42,163.72,183500
2024-04-12,2002,217.3,220.5,216.39999999999998,218.0,208500
2024-04-12,3003,246.58,250.58,245.18,247.08,233500
2024-04-15,1001,164.20000000000002,166.60000000000002,163.8,165.10000000000002,183750
2024-04-15,2002,195.10000000000002,198.3,194.2,195.8,208750
2024-04-15,3003,248.39999999999998,252.39999999999998,246.99999999999997,248.89999999999998,233750
2024-04-16,1001,165.57999999999998,167.98,165.17999999999998,166.48,184000
2024-04-16,2002,196.7,199.89999999999998,195.79999999999995,197.39999999999998,209000
2024-04-16,3003,250.22000000000003,254.22000000000003,248.82000000000002,250.72000000000003,234000
2024-04-17,1001,166.95999999999998,169.35999999999999,166.55999999999997,167.85999999999999,184250
2024-04-17,2002,198.29999999999998,201.49999999999997,197.39999999999995,198.99999999999997,209250
2024-04-17,3003,252.04,256.03999999999996,250.64,252.54,234250
2024-04-18,1001,168.34,170.74,167.94,169.24,184500
2024-04-18,2002,199.9,203.1,198.99999999999997,200.6,209500
2024-04-18,3003,253.86,257.86,252.46,254.36,234500
2024-04-19,1001,169.71999999999997,172.11999999999998,169.31999999999996,170.61999999999998,184750
2024-04-19,2002,201.50000000000003,204.70000000000002,200.6,202.20000000000002,209750
2024-04-19,3003,255.68,259.68,254.28,256.18,234750
2024-04-22,1001,150.7,153.1,150.29999999999998,151.6,185000
2024-04-22,2002,203.10000000000002,206.3,202.2,203.8,210000
2024-04-22,3003,257.5,261.5,256.09999999999997,258.0,235000
2024-04-23,1001,152.07999999999998,154.48,151.67999999999998,152.98,185250
2024-04-23,2002,204.7,207.89999999999998,203.79999999999995,205.39999999999998,210250
2024-04-23,3003,259.32,263.32,257.91999999999996,259.82,235250
2024-04-24,1001,153.46,155.86,153.06,154.36,185500
2024-04-24,2002,206.29999999999998,209.49999999999997,205.39999999999995,206.99999999999997,210500
2024-04-24,3003,261.14,265.14,259.73999999999995,261.64,235500
2024-04-25,1001,154.84,157.24,154.44,155.74,185750
2024-04-25,2002,207.9,211.1,206.99999999999997,208.6,210750
2024-04-25,3003,262.96,266.96,261.55999999999995,263.46,235750
2024-04-26,1001,156.21999999999997,158.61999999999998,155.81999999999996,157.11999999999998,186000
2024-04-26,2002,209.50000000000003,212.70000000000002,208.6,210.20000000000002,211000
2024-04-26,3003,264.78000000000003,268.78000000000003,263.38,265.28000000000003,236000
2024-04-29,1001,157.6,160.0,157.2,158.5,186250
2024-04-29,2002,211.10000000000002,214.3,210.2,211.8,211250
2024-04-29,3003,266.6,270.6,265.2,267.1,236250
2024-04-30,1001,158.98,161.38,158.57999999999998,159.88,186500
2024-04-30,2002,212.7,215.89999999999998,211.79999999999995,213.39999999999998,211500
2024-04-30,3003,268.42,272.42,267.02,268.92,236500
2024-05-01,1001,160.36,162.76000000000002,159.96,161.26000000000002,186750
2024-05-01,2002,214.29999999999998,217.49999999999997,213.39999999999995,214.99999999999997,211750
2024-05-01,3003,243.04000000000002,247.04000000000002,241.64000000000001,243.54000000000002,236750
2024-05-02,1001,161.73999999999998,164.14,161.33999999999997,162.64,187000
2024-05-02,2002,215.9,219.1,214.99999999999997,216.6,212000
2024-05-02,3003,244.86,248.86,243.46,245.36,237000
2024-05-03,1001,163.11999999999998,165.51999999999998,162.71999999999997,164.01999999999998,187250
2024-05-03,2002,217.50000000000003,220.70000000000002,216.6,218.20000000000002,212250
2024-05-03,3003,246.67999999999998,250.67999999999998,245.27999999999997,247.17999999999998,237250
2024-05-06,1001,164.5,166.9,164.1,165.4,187500
2024-05-06,2002,219.10000000000002,222.3,218.2,219.8,212500
2024-05-06,3003,248.5,252.5,247.1,249.0,237500
2024-05-07,1001,165.88,168.28,165.48,166.78,187750
2024-05-07,2002,220.7,223.89999999999998,219.79999999999995,221.39999999999998,212750
2024-05-07,3003,250.32000000000002,254.32000000000002,248.92000000000002,250.82000000000002,237750
2024-05-08,1001,167.26000000000002,169.66000000000003,166.86,168.16000000000003,188000
2024-05-08,2002,198.5,201.7,197.59999999999997,199.2,213000
2024-05-08,3003,252.14,256.14,250.73999999999998,252.64,238000
2024-05-09,1001,168.64,171.04,168.23999999999998,169.54,188250
2024-05-09,2002,200.1,203.29999999999998,199.19999999999996,200.79999999999998,213250
2024-05-09,3003,253.95999999999998,257.96,252.55999999999997,254.45999999999998,238250
2024-05-10,1001,170.01999999999998,172.42,169.61999999999998,170.92,188500
2024-05-10,2002,201.70000000000002,204.9,200.79999999999998,202.4,213500
2024-05-10,3003,255.77999999999997,259.78,254.37999999999997,256.28,238500
2024-05-13,1001,171.4,173.8,171.0,172.3,188750
2024-05-13,2002,203.3,206.5,202.39999999999998,204.0,213750
2024-05-13,3003,257.6,261.6,256.2,258.1,238750
2024-05-14,1001,172.77999999999997,175.17999999999998,172.37999999999997,173.67999999999998,189000
2024-05-14,2002,204.9,208.1,203.99999999999997,205.6,214000
2024-05-14,3003,259.42,263.42,258.02,259.92,239000
2024-05-15,1001,153.76,156.16,153.35999999999999,154.66,189250
2024-05-15,2002,206.5,209.7,205.59999999999997,207.2,214250
2024-05-15,3003,261.24,265.24,259.84,261.74,239250
2024-05-16,1001,155.14,157.54,154.73999999999998,156.04,189500
2024-05-16,2002,208.1,211.29999999999998,207.19999999999996,208.79999999999998,214500
2024-05-16,3003,263.06,267.06,261.65999999999997,263.56,239500
2024-05-17,1001,156.52,158.92000000000002,156.12,157.42000000000002,189750
2024-05-17,2002,209.70000000000002,212.9,208.79999999999998,210.4,214750
2024-05-17,3003,264.88,268.88,263.47999999999996,265.38,239750
2024-05-20,1001,157.9,160.3,157.5,158.8,190000
2024-05-20,2002,211.3,214.5,210.39999999999998,212.0,215000
2024-05-20,3003,266.7,270.7,265.29999999999995,267.2,240000
2024-05-21,1001,159.28,161.68,158.88,160.18,190250
2024-05-21,2002,212.9,216.1,211.99999999999997,213.6,215250
2024-05-21,3003,268.52000000000004,272.52000000000004,267.12,269.02000000000004,240250
2024-05-22,1001,160.66,163.06,160.26,161.56,190500
2024-05-22,2002,214.5,217.7,213.59999999999997,215.2,215500
2024-05-22,3003,270.34,274.34,268.93999999999994,270.84,240500
2024-05-23,1001,162.04,164.44,161.64,162.94,190750
2024-05-23,2002,216.1,219.29999999999998,215.19999999999996,216.79999999999998,215750
2024-05-23,3003,272.16,276.16,270.76,272.66,240750
2024-05-24,1001,163.42,165.82,163.01999999999998,164.32,191000
2024-05-24,2002,217.70000000000002,220.9,216.79999999999998,218.4,216000
2024-05-24,3003,246.77999999999997,250.77999999999997,245.37999999999997,247.27999999999997,241000
2024-05-27,1001,164.79999999999998,167.2,164.39999999999998,165.7,191250
2024-05-27,2002,219.3,222.5,218.39999999999998,220.0,216250
2024-05-27,3003,248.60000000000002,252.60000000000002,247.20000000000002,249.10000000000002,241250
2024-05-28,1001,166.17999999999998,168.57999999999998,165.77999999999997,167.07999999999998,191500
2024-05-28,2002,220.9,224.1,219.99999999999997,221.6,216500
2024-05-28,3003,250.42,254.42,249.01999999999998,250.92,241500
2024-05-29,1001,167.56,169.96,167.16,168.46,191750
2024-05-29,2002,222.5,225.7,221.59999999999997,223.2,216750
2024-05-29,3003,252.24,256.24,250.84,252.74,241750
2024-05-30,1001,168.94,171.34,168.54,169.84,192000
2024-05-30,2002,224.1,227.29999999999998,223.19999999999996,224.79999999999998,217000
2024-05-30,3003,254.05999999999997,258.05999999999995,252.65999999999997,254.55999999999997,242000
2024-05-31,1001,170.32000000000002,172.72000000000003,169.92000000000002,171.22000000000003,192250
2024-05-31,2002,201.90000000000003,205.10000000000002,201.0,202.60000000000002,217250
2024-05-31,3003,255.88,259.88,254.48,256.38,242250
2024-06-03,1001,171.7,174.1,171.29999999999998,172.6,192500
2024-06-03,2002,203.5,206.7,202.59999999999997,204.2,217500
2024-06-03,3003,257.7,261.7,256.29999999999995,258.2,242500
2024-06-04,1001,173.07999999999998,175.48,172.67999999999998,173.98,192750
2024-06-04,2002,205.1,208.29999999999998,204.19999999999996,205.79999999999998,217750
2024-06-04,3003,259.52,263.52,258.11999999999995,260.02,242750
2024-06-05,1001,174.45999999999998,176.85999999999999,174.05999999999997,175.35999999999999,193000
2024-06-05,2002,206.7,209.89999999999998,205.79999999999995,207.39999999999998,218000
2024-06-05,3003,261.34000000000003,265.34000000000003,259.94,261.84000000000003,243000
2024-06-06,1001,175.83999999999997,178.23999999999998,175.43999999999997,176.73999999999998,193250
2024-06-06,2002,208.3,211.5,207.39999999999998,209.0,218250
2024-06-06,3003,263.16,267.16,261.76,263.66,243250
2024-06-07,1001,156.82,159.22,156.42,157.72,193500
2024-06-07,2002,209.90000000000003,213.10000000000002,209.0,210.60000000000002,218500
2024-06-07,3003,264.97999999999996,268.97999999999996,263.5799999999999,265.47999999999996,243500
2024-06-10,1001,158.2,160.6,157.79999999999998,159.1,193750
2024-06-10,2002,211.5,214.7,210.59999999999997,212.2,218750
2024-06-10,3003,266.8,270.8,265.4,267.3,243750
2024-06-11,1001,159.58,161.98000000000002,159.18,160.48000000000002,194000
2024-06-11,2002,213.1,216.29999999999998,212.19999999999996,213.79999999999998,219000
2024-06-11,3003,268.62,272.62,267.21999999999997,269.12,244000
2024-06-12,1001,160.96,163.36,160.56,161.86,194250
2024-06-12,2002,214.7,217.89999999999998,213.79999999999995,215.39999999999998,219250
2024-06-12,3003,270.44,274.44,269.03999999999996,270.94,244250
2024-06-13,1001,162.33999999999997,164.73999999999998,161.93999999999997,163.23999999999998,194500
2024-06-13,2002,216.3,219.5,215.39999999999998,217.0,219500
2024-06-13,3003,272.26,276.26,270.85999999999996,272.76,244500
2024-06-14,1001,163.72,166.12,163.32,164.62,194750
2024-06-14,2002,217.90000000000003,221.10000000000002,217.0,218.60000000000002,219750
2024-06-14,3003,274.08,278.08,272.67999999999995,274.58,244750
2024-06-17,1001,165.09999999999997,167.49999999999997,164.69999999999996,165.99999999999997,195000
2024-06-17,2002,219.5,222.7,218.59999999999997,220.2,220000
2024-06-17,3003,275.90000000000003,279.90000000000003,274.5,276.40000000000003,245000
2024-06-18,1001,166.48,168.88,166.07999999999998,167.38,195250
2024-06-18,2002,221.1,224.29999999999998,220.19999999999996,221.79999999999998,220250
2024-06-18,3003,250.51999999999998,254.51999999999998,249.11999999999998,251.01999999999998,245250
2024-06-19,1001,167.85999999999999,170.26,167.45999999999998,168.76,195500
2024-06-19,2002,222.7,225.89999999999998,221.79999999999995,223.39999999999998,220500
2024-06-19,3003,252.34000000000003,256.34000000000003,250.94000000000003,252.84000000000003,245500
2024-06-20,1001,169.23999999999998,171.64,168.83999999999997,170.14,195750
2024-06-20,2002,224.3,227.5,223.39999999999998,225.0,220750
2024-06-20,3003,254.16,258.15999999999997,252.76,254.66,245750
2024-06-21,1001,170.62,173.02,170.22,171.52,196000
2024-06-21,2002,225.90000000000003,229.10000000000002,225.0,226.60000000000002,221000
2024-06-21,3003,255.98000000000002,259.98,254.58,256.48,246000
2024-06-24,1001,172.0,174.4,171.6,172.9,196250
2024-06-24,2002,227.5,230.7,226.59999999999997,228.2,221250
2024-06-24,3003,257.8,261.8,256.4,258.3,246250
2024-06-25,1001,173.38000000000002,175.78000000000003,172.98000000000002,174.28000000000003,196500
2024-06-25,2002,205.3,208.5,204.39999999999998,206.0,221500
2024-06-25,3003,259.62,263.62,258.21999999999997,260.12,246500
2024-06-26,1001,174.76,177.16,174.35999999999999,175.66,196750
2024-06-26,2002,206.89999999999998,210.09999999999997,205.99999999999994,207.59999999999997,221750
2024-06-26,3003,261.44,265.44,260.03999999999996,261.94,246750
2024-06-27,1001,176.14,178.54,175.73999999999998,177.04,197000
2024-06-27,2002,208.5,211.7,207.59999999999997,209.2,222000
2024-06-27,3003,263.26,267.26,261.85999999999996,263.76,247000
2024-06-28,1001,177.51999999999998,179.92,177.11999999999998,178.42,197250
2024-06-28,2002,210.10000000000002,213.3,209.2,210.8,222250
2024-06-28,3003,265.08,269.08,263.67999999999995,265.58,247250
